,codi,dist,uni-lat,uni-lon
0,8302.0,34.56543788375297,41.5640438,2.0227191
1,8290.0,12.017752638087908,41.3839393,2.1139678
2,8397.0,54.60382390215812,41.3842777,2.1152962
3,8243.0,1.4178683968692,41.7371279,1.829041
4,8401.0,28.592886969136085,41.3839393,2.1139678
5,8002.0,5.456939231417558,41.38862665004671,2.1116058263259307
6,8241.0,1.2548358304531528,41.7371279,1.829041
7,8024.0,20.466265491934905,41.5640438,2.0227191
8,8227.0,1.544380756880077,41.5640438,2.0227191
9,8197.0,9.257206325091262,41.38960859091039,2.1134082704685526
10,8014.0,23.001267630602342,41.5640438,2.0227191
11,8720.0,35.40611345704021,41.38960859091039,2.1134082704685526
12,8031.0,6.292667303406671,41.38960859091039,2.1134082704685526
13,8029.0,2.7201881965348877,41.3839393,2.1139678
14,8902.0,2.9129039504432757,41.38863897597379,2.112282639297175
15,8027.0,7.241052320536717,41.38367192649365,2.1158767251089436
16,8186.0,27.21579480931189,41.38402502308066,2.1140131777567777
17,8018.0,6.727879991089012,41.3842777,2.1152962
18,,,41.41353344047553,2.2218908797717853
19,8950.0,2.3714990490437384,41.3839393,2.1139678
20,8030.0,8.677322603087172,41.38408631709384,2.1127257951151166
21,8903.0,1.657536909890818,41.3842777,2.1152962
22,8211.0,38.45707683752825,41.27587265023666,1.9868189895146127
23,8028.0,1.0720934931794075,41.3842777,2.1152962
24,8500.0,57.63647453645734,41.41353344047553,2.2218908797717853
25,,,41.57137629670731,2.024117255134348
26,8003.0,5.388920987493674,41.38367192649365,2.1158767251089436
27,8020.0,8.28087982621404,41.3842777,2.1152962
28,8830.0,7.550756932222075,41.38408631709384,2.1127257951151166
29,8330.0,51.66488757655909,41.7371279,1.829041
30,8960.0,3.8852554372661854,41.38862665004671,2.1116058263259307
31,8028.0,37.173513221066166,41.2222231352044,1.7316575553370623
32,8022.0,2.552511777676916,41.38960859091039,2.1134082704685526
33,8243.0,1.4178683968692,41.7371279,1.829041
34,8205.0,16.820710480201146,41.38960859091039,2.1134082704685526
35,8338.0,39.792418225836784,41.27571168805547,1.9879474564334807
36,9850.0,9489.452881058676,41.3839393,2.1139678
37,8921.0,11.227527052177889,41.3839393,2.1139678
38,8172.0,11.554964623398632,41.5640438,2.0227191
39,8221.0,21.791034176197076,41.3839393,2.1139678
40,8028.0,1.0720934931794075,41.3842777,2.1152962
41,8011.0,3.7550698851673725,41.3839393,2.1139678
42,8222.0,32.22534091128528,41.27587265023666,1.9868189895146127
43,8340.0,26.02630479380606,41.38960859091039,2.1134082704685526
44,8903.0,2.230805083029041,41.38862665004671,2.1116058263259307
45,8029.0,2.606041702570183,41.3842777,2.1152962
46,8202.0,8.173595213640562,41.5640438,2.0227191
47,8222.0,0.7961491721898533,41.57137629670731,2.024117255134348
48,8020.0,21.82845310048934,41.5640438,2.0227191
49,,,41.41353344047553,2.2218908797717853
50,8015.0,3.7309475040781748,41.3839393,2.1139678
51,8009.0,4.856830532477393,41.41353344047553,2.2218908797717853
52,8013.0,3.9232999225759637,41.41353344047553,2.2218908797717853
53,8221.0,21.234282838641313,41.38862665004671,2.1116058263259307
54,8950.0,2.4872538564589504,41.3842777,2.1152962
55,8750.0,8.465750914400854,41.3839393,2.1139678
56,8021.0,2.5518126472545046,41.3842777,2.1152962
57,8004.0,4.138581803123196,41.3839393,2.1139678
58,8901.0,13.63540919802093,41.27571168805547,1.9879474564334807
59,,,41.38367192649365,2.1158767251089436
60,8391.0,16.319677771181375,41.38960859091039,2.1134082704685526
61,8100.0,19.192162699312803,41.3839393,2.1139678
62,8849.0,25.325226184069074,41.5640438,2.0227191
63,8850.0,2.438785857779579,41.27587265023666,1.9868189895146127
64,8800.0,37.71101189566722,41.38862665004671,2.1116058263259307
65,8028.0,1.5881872486129185,41.38863897597379,2.112282639297175
66,8022.0,2.899049427304488,41.3842777,2.1152962
67,8004.0,7.451227888228714,41.41353344047553,2.2218908797717853
68,8172.0,13.18922945570946,41.41353344047553,2.2218908797717853
69,8031.0,22.767008944703186,41.27587265023666,1.9868189895146127
70,8036.0,3.1991304215446768,41.38960859091039,2.1134082704685526
71,8205.0,16.920034100813684,41.38863897597379,2.112282639297175
72,8011.0,3.7550698851673725,41.3839393,2.1139678
73,8140.0,27.92627456258096,41.3839393,2.1139678
74,8032.0,5.150364244544463,41.41353344047553,2.2218908797717853
75,8184.0,12.766554604928682,41.57137629670731,2.024117255134348
76,8034.0,8.952996355398408,41.41353344047553,2.2218908797717853
77,8014.0,2.4754283282273293,41.38960859091039,2.1134082704685526
78,8036.0,3.104503578724328,41.3842777,2.1152962
79,8028.0,1.6262279781379911,41.38862665004671,2.1116058263259307
80,8027.0,3.1434643470118,41.41353344047553,2.2218908797717853
81,8860.0,4.89819102583773,41.27571168805547,1.9879474564334807
82,8028.0,1.0720934931794075,41.3842777,2.1152962
83,,,41.38862665004671,2.1116058263259307
84,8019.0,1.1279248736654368,41.41353344047553,2.2218908797717853
85,8008.0,4.001432799140173,41.3842777,2.1152962
86,8192.0,5.59561182174617,41.5640438,2.0227191
87,8012.0,5.550063592958266,41.41353344047553,2.2218908797717853
88,8860.0,4.89819102583773,41.27571168805547,1.9879474564334807
89,8912.0,12.459000682019834,41.3839393,2.1139678
90,8840.0,49.47529526494231,41.7371279,1.829041
91,8290.0,45.20300710111047,41.2222231352044,1.7316575553370623
92,8030.0,3.453181732650684,41.41353344047553,2.2218908797717853
93,8242.0,0.759091001771989,41.7371279,1.829041
94,8150.0,16.613443766386325,41.5640438,2.0227191
95,8170.0,19.87273175680954,41.5640438,2.0227191
96,8860.0,4.811933138080238,41.27587265023666,1.9868189895146127
97,8024.0,4.838648077008265,41.38402502308066,2.1140131777567777
98,8029.0,2.9096836641145885,41.38862665004671,2.1116058263259307
99,8027.0,3.1434643470118,41.41353344047553,2.2218908797717853
100,8800.0,23.365014805757543,41.27571168805547,1.9879474564334807
101,8042.0,5.373685658492806,41.41353344047553,2.2218908797717853
102,8979.0,501.35056483697906,41.27587265023666,1.9868189895146127
103,8950.0,,,
104,8042.0,8.437816284698108,41.38367192649365,2.1158767251089436
105,8036.0,3.35223225758617,41.38862665004671,2.1116058263259307
106,8026.0,22.377411396769297,41.27571168805547,1.9879474564334807
107,8015.0,3.6295054230855617,41.3842777,2.1152962
108,8030.0,8.501539121044667,41.3842777,2.1152962
109,8930.0,9.85406070913335,41.38960859091039,2.1134082704685526
110,8014.0,37.866835370006434,41.2222231352044,1.7316575553370623
111,8206.0,18.428605294085763,41.38960859091039,2.1134082704685526
112,8440.0,34.995793970662724,41.3839393,2.1139678
113,,,41.38960859091039,2.1134082704685526
114,8901.0,2.6667810888802173,41.3842777,2.1152962
115,8013.0,5.547743286684762,41.3842777,2.1152962
116,8172.0,13.18922945570946,41.41353344047553,2.2218908797717853
117,8340.0,16.946565112079202,41.41353344047553,2.2218908797717853
118,8870.0,39.61137393504432,41.41353344047553,2.2218908797717853
119,8225.0,1.9808798294594636,41.5640438,2.0227191
120,8290.0,11.00981598030009,41.41353344047553,2.2218908797717853
121,,,41.3842777,2.1152962
122,,,41.38862665004671,2.1116058263259307
123,8028.0,1.2343332546153387,41.38408631709384,2.1127257951151166
124,8014.0,2.0113610751452313,41.3842777,2.1152962
125,8904.0,1.1777975402876553,41.3839393,2.1139678
126,8016.0,7.739824011551986,41.3842777,2.1152962
127,8339.0,16.354674034614142,41.41353344047553,2.2218908797717853
128,8197.0,9.93117044105967,41.38367192649365,2.1158767251089436
129,8830.0,7.99638580065209,41.38960859091039,2.1134082704685526
130,8015.0,3.6295054230855617,41.3842777,2.1152962
131,8003.0,5.433596883484073,41.3842777,2.1152962
132,8006.0,3.5041981623077008,41.3839393,2.1139678
133,8228.0,3.678743110440637,41.5640438,2.0227191
134,8020.0,1.853488843265103,41.41353344047553,2.2218908797717853
135,8029.0,2.9096836641145885,41.38862665004671,2.1116058263259307
136,8015.0,3.7309475040781748,41.3839393,2.1139678
137,8391.0,16.58690552295881,41.38367192649365,2.1158767251089436
138,8028.0,1.6093356252899422,41.38960859091039,2.1134082704685526
139,8013.0,5.75780304094576,41.38408631709384,2.1127257951151166
140,8860.0,20.346919349118696,41.3842777,2.1152962
141,8201.0,17.494302630248878,41.38960859091039,2.1134082704685526
142,8029.0,2.8535015685458145,41.38863897597379,2.112282639297175
143,8035.0,21.676626655668326,41.27587265023666,1.9868189895146127
144,8174.0,12.218426692288881,41.3839393,2.1139678
145,8757.0,19.439788308919542,41.57137629670731,2.024117255134348
146,8221.0,21.255218502656703,41.38863897597379,2.112282639297175
147,8940.0,3.8736528404158994,41.3839393,2.1139678
148,8980.0,20.861611235245796,41.57137629670731,2.024117255134348
149,8005.0,7.501677992240186,41.38863897597379,2.112282639297175
150,8292.0,26.46563002057191,41.38367192649365,2.1158767251089436
151,8242.0,0.759091001771989,41.7371279,1.829041
152,8016.0,7.4394729717386845,41.38960859091039,2.1134082704685526
153,8202.0,8.173595213640562,41.5640438,2.0227191
154,8042.0,18.722593289901454,41.57137629670731,2.024117255134348
155,8029.0,2.8215408939844426,41.38408631709384,2.1127257951151166
156,8025.0,21.21488890551892,41.5640438,2.0227191
157,8970.0,4.681046139323209,41.3842777,2.1152962
158,8508.0,83.94451792410004,41.27571168805547,1.9879474564334807
159,8018.0,2.7480044886125676,41.41353344047553,2.2218908797717853
160,8560.0,69.62488493619345,41.38960859091039,2.1134082704685526
161,8370.0,51.99665314978742,41.3842777,2.1152962
162,8980.0,,,
163,8290.0,12.017752638087908,41.3839393,2.1139678
164,8033.0,45.67303725130054,41.2222231352044,1.7316575553370623
165,8014.0,16.64064749663093,41.27571168805547,1.9879474564334807
166,8018.0,6.703918743686045,41.38367192649365,2.1158767251089436
167,8033.0,18.180976029341426,41.5640438,2.0227191
168,8711.0,46.36132134115807,41.3842777,2.1152962
169,8921.0,10.835648075967883,41.38960859091039,2.1134082704685526
170,8402.0,28.17907074170923,41.38863897597379,2.112282639297175
171,8025.0,42.15290568564072,41.2222231352044,1.7316575553370623
172,8031.0,6.636845070723018,41.3842777,2.1152962
173,8034.0,1.1239581478504292,41.38402502308066,2.1140131777567777
174,8328.0,20.93563639211856,41.38862665004671,2.1116058263259307
175,8290.0,12.007713646655144,41.38402502308066,2.1140131777567777
176,8850.0,2.355363021237017,41.27571168805547,1.9879474564334807
177,8020.0,1.853488843265103,41.41353344047553,2.2218908797717853
178,8150.0,21.1369289052691,41.38862665004671,2.1116058263259307
179,8840.0,11.16454617499375,41.38408631709384,2.1127257951151166
180,8100.0,34.854597447291894,41.27571168805547,1.9879474564334807
181,8018.0,6.888016852080406,41.38862665004671,2.1116058263259307
182,8480.0,33.83584780578807,41.3839393,2.1139678
183,,,41.38960859091039,2.1134082704685526
184,,,41.7371279,1.829041
185,8023.0,3.7316322000434705,41.38863897597379,2.112282639297175
186,8037.0,4.54292670096258,41.38863897597379,2.112282639297175
187,8028.0,1.0720934931794075,41.3842777,2.1152962
188,17005.0,79.19048019035124,41.41353344047553,2.2218908797717853
189,8303.0,31.398717390073095,41.38408631709384,2.1127257951151166
190,8029.0,18.141022845007388,41.27587265023666,1.9868189895146127
191,8905.0,14.632880743017727,41.27587265023666,1.9868189895146127
192,8005.0,7.392019550275548,41.38960859091039,2.1134082704685526
193,8905.0,14.632880743017727,41.27587265023666,1.9868189895146127
194,8310.0,52.00009465605714,41.7371279,1.829041
195,8014.0,2.5294082640268227,41.38862665004671,2.1116058263259307
196,8202.0,17.37091477889174,41.38960859091039,2.1134082704685526
197,8012.0,21.13282301423327,41.5640438,2.0227191
198,8005.0,7.351038343727954,41.3842777,2.1152962
199,8182.0,28.331294593908453,41.7371279,1.829041
200,8027.0,3.1434643470118,41.41353344047553,2.2218908797717853
201,8120.0,15.951011873539997,41.3839393,2.1139678
202,8192.0,16.303152943815494,41.38862665004671,2.1116058263259307
203,,,41.3842777,2.1152962
204,8980.0,5.609621886985622,41.3842777,2.1152962
205,8197.0,9.257206325091262,41.38960859091039,2.1134082704685526
206,8223.0,1.5802354761000894,41.5640438,2.0227191
207,,,41.38960859091039,2.1134082704685526
208,8739.0,,,
209,8757.0,16.936674246108606,41.38960859091039,2.1134082704685526
210,8860.0,4.89819102583773,41.27571168805547,1.9879474564334807
211,8197.0,11.783965492920544,41.5640438,2.0227191
212,8739.0,26.386902215473494,41.3842777,2.1152962
213,8014.0,2.0920410689998077,41.3839393,2.1139678
214,8110.0,8.360211318650174,41.41353344047553,2.2218908797717853
215,8241.0,45.279827339065164,41.3839393,2.1139678
216,8192.0,16.843488489562805,41.38402502308066,2.1140131777567777
217,8180.0,23.76214575230124,41.7371279,1.829041
218,,,41.38960859091039,2.1134082704685526
219,8233.0,10.596690688620184,41.5640438,2.0227191
220,8820.0,10.77313622501494,41.27571168805547,1.9879474564334807
221,8902.0,,,
222,8024.0,4.8475472419606955,41.3839393,2.1139678
223,8242.0,0.759091001771989,41.7371279,1.829041
224,8012.0,4.092734307745963,41.38862665004671,2.1116058263259307
225,8224.0,1.7489835491371337,41.5640438,2.0227191
226,8790.0,21.177413389871262,41.27587265023666,1.9868189895146127
227,8912.0,,,
228,8902.0,15.121022603957938,41.27571168805547,1.9879474564334807
229,8840.0,11.453345516867913,41.38862665004671,2.1116058263259307
230,8924.0,27.33349980445363,41.27587265023666,1.9868189895146127
231,8914.0,11.353474870515003,41.3839393,2.1139678
232,8013.0,,,
233,8026.0,6.708403095356148,41.38402502308066,2.1140131777567777
234,8225.0,25.53932553836576,41.41353344047553,2.2218908797717853
235,8340.0,16.946565112079202,41.41353344047553,2.2218908797717853
236,8014.0,2.4754283282273293,41.38960859091039,2.1134082704685526
237,8007.0,4.2302698953778055,41.3842777,2.1152962
238,,,41.41353344047553,2.2218908797717853
239,8211.0,7.807652108104776,41.5640438,2.0227191
240,,,41.2222231352044,1.7316575553370623
241,,,41.27571168805547,1.9879474564334807
242,8781.0,32.78451911471988,41.38960859091039,2.1134082704685526
243,8010.0,5.015093582783475,41.3842777,2.1152962
244,8011.0,3.5963594549351217,41.38367192649365,2.1158767251089436
245,8016.0,7.739824011551986,41.3842777,2.1152962
246,8840.0,11.335225027832847,41.3842777,2.1152962
247,8198.0,7.43029157832224,41.38402502308066,2.1140131777567777
248,8028.0,1.5881872486129185,41.38863897597379,2.112282639297175
249,8940.0,3.9816146181326895,41.3842777,2.1152962
250,8004.0,39.071931313868646,41.2222231352044,1.7316575553370623
251,8031.0,6.292667303406671,41.38960859091039,2.1134082704685526
252,8921.0,10.835648075967883,41.38960859091039,2.1134082704685526
253,8310.0,30.179506545054913,41.38863897597379,2.112282639297175
254,8100.0,18.784871329003817,41.38863897597379,2.112282639297175
255,8173.0,10.47640521303985,41.38402502308066,2.1140131777567777
256,8208.0,32.033691764299306,41.7371279,1.829041
257,8760.0,18.466524167588698,41.38960859091039,2.1134082704685526
258,8338.0,28.862150606713794,41.5640438,2.0227191
259,8820.0,6.7748507496765855,41.38408631709384,2.1127257951151166
260,8014.0,2.192297881782697,41.38408631709384,2.1127257951151166
261,,,41.7371279,1.829041
262,8700.0,46.51379950537883,41.38960859091039,2.1134082704685526
263,8036.0,3.35223225758617,41.38862665004671,2.1116058263259307
264,8930.0,1.6368189824844273,41.41353344047553,2.2218908797717853
265,8302.0,31.382694208633005,41.38960859091039,2.1134082704685526
266,8784.0,34.87068335224688,41.3842777,2.1152962
267,8042.0,8.033784335116756,41.38960859091039,2.1134082704685526
268,8740.0,33.98092468174767,41.7371279,1.829041
269,8733.0,27.924564021526752,41.27587265023666,1.9868189895146127
270,17401.0,57.95884458428836,41.38960859091039,2.1134082704685526
271,8041.0,6.106882933020264,41.38960859091039,2.1134082704685526
272,8241.0,44.72361609487741,41.38960859091039,2.1134082704685526
273,8700.0,46.85093542381713,41.3839393,2.1139678
274,8980.0,5.609621886985622,41.3842777,2.1152962
275,8017.0,1.9095719717797837,41.38960859091039,2.1134082704685526
276,8028.0,1.6093356252899422,41.38960859091039,2.1134082704685526
277,25560.0,140.00005132876794,41.38960859091039,2.1134082704685526
278,8037.0,4.458423234270962,41.3842777,2.1152962
279,8902.0,2.980687186280045,41.38960859091039,2.1134082704685526
280,8037.0,4.597819328294732,41.38862665004671,2.1116058263259307
281,8028.0,1.6093356252899422,41.38960859091039,2.1134082704685526
282,8303.0,31.321801866993876,41.3839393,2.1139678
283,8206.0,5.813473325342341,41.5640438,2.0227191
284,8026.0,6.600510742663948,41.3842777,2.1152962
285,8173.0,10.480988455422517,41.3842777,2.1152962
286,8028.0,1.5881872486129185,41.38863897597379,2.112282639297175
287,8241.0,44.72361609487741,41.38960859091039,2.1134082704685526
288,8028.0,1.5881872486129185,41.38863897597379,2.112282639297175
289,8810.0,17.32948308011545,41.27587265023666,1.9868189895146127
290,8692.0,25.001256572094494,41.7371279,1.829041
291,8757.0,36.25031148723342,41.7371279,1.829041
292,8004.0,4.058545098330713,41.3842777,2.1152962
293,8208.0,8.731424730041494,41.5640438,2.0227191
294,8031.0,18.978473897524736,41.5640438,2.0227191
295,8440.0,34.511904633551886,41.38960859091039,2.1134082704685526
296,8024.0,20.774187504819878,41.27571168805547,1.9879474564334807
297,8243.0,1.4178683968692,41.7371279,1.829041
298,8026.0,6.589409837803872,41.38367192649365,2.1158767251089436
299,8002.0,5.21438212957657,41.3839393,2.1139678
300,8023.0,19.83462195392878,41.5640438,2.0227191
301,8014.0,37.866835370006434,41.2222231352044,1.7316575553370623
302,8904.0,9.864912376420037,41.41353344047553,2.2218908797717853
303,8820.0,6.776034536014875,41.3839393,2.1139678
304,8016.0,19.444934328776327,41.5640438,2.0227191
305,8002.0,5.21438212957657,41.3839393,2.1139678
306,8440.0,34.995793970662724,41.3839393,2.1139678
307,8026.0,3.0495724513309757,41.41353344047553,2.2218908797717853
308,8030.0,3.453181732650684,41.41353344047553,2.2218908797717853
309,8930.0,1.6368189824844273,41.41353344047553,2.2218908797717853
310,8100.0,34.854597447291894,41.27571168805547,1.9879474564334807
311,8860.0,4.89819102583773,41.27571168805547,1.9879474564334807
312,8014.0,37.866835370006434,41.2222231352044,1.7316575553370623
313,8223.0,1.5802354761000894,41.5640438,2.0227191
314,8030.0,8.385919906932578,41.38863897597379,2.112282639297175
315,8029.0,2.7154005242553314,41.38402502308066,2.1140131777567777
316,8041.0,6.415472721604803,41.3839393,2.1139678
317,8036.0,3.2150098212672416,41.38402502308066,2.1140131777567777
318,8210.0,14.315545693862926,41.38862665004671,2.1116058263259307
319,8017.0,8.825383603972366,41.41353344047553,2.2218908797717853
320,8028.0,1.6093356252899422,41.38960859091039,2.1134082704685526
321,8020.0,1.853488843265103,41.41353344047553,2.2218908797717853
322,8750.0,16.909406715506474,41.41353344047553,2.2218908797717853
323,8029.0,2.606041702570183,41.3842777,2.1152962
324,8202.0,8.173595213640562,41.5640438,2.0227191
325,4545.0,1867.6007690796564,41.38863897597379,2.112282639297175
326,8340.0,26.17498957205012,41.38367192649365,2.1158767251089436
327,8210.0,14.193788609970676,41.38960859091039,2.1134082704685526
328,8023.0,6.381528275594303,41.41353344047553,2.2218908797717853
329,8207.0,28.427372041047597,41.7371279,1.829041
330,8025.0,5.389079723330871,41.3842777,2.1152962
331,8005.0,,,
332,80233.0,383.323940717677,41.5640438,2.0227191
333,8005.0,7.557612281256438,41.38862665004671,2.1116058263259307
334,8191.0,14.300231115874961,41.38408631709384,2.1127257951151166
335,8222.0,0.2009441903473129,41.5640438,2.0227191
336,8036.0,3.318936512463769,41.38408631709384,2.1127257951151166
337,8222.0,0.2009441903473129,41.5640438,2.0227191
338,8031.0,6.789447269356416,41.38408631709384,2.1127257951151166
339,8233.0,10.596690688620184,41.5640438,2.0227191
340,8940.0,4.107220607153241,41.38862665004671,2.1116058263259307
341,8020.0,1.853488843265103,41.41353344047553,2.2218908797717853
342,8860.0,4.89819102583773,41.27571168805547,1.9879474564334807
343,8458.0,33.25454455137345,41.41353344047553,2.2218908797717853
344,8011.0,3.643932107456752,41.3842777,2.1152962
345,8030.0,8.677322603087172,41.38408631709384,2.1127257951151166
346,8922.0,10.702913260080813,41.38862665004671,2.1116058263259307
347,8140.0,14.152095539908922,41.5640438,2.0227191
348,8339.0,16.354674034614142,41.41353344047553,2.2218908797717853
349,8028.0,1.6093356252899422,41.38960859091039,2.1134082704685526
350,8032.0,21.875386837350362,41.27587265023666,1.9868189895146127
351,8830.0,7.854323393463434,41.38863897597379,2.112282639297175
352,8172.0,9.3402361367295,41.38960859091039,2.1134082704685526
353,8585.0,77.68065370339122,41.41353344047553,2.2218908797717853
354,8034.0,0.7689590424040591,41.38862665004671,2.1116058263259307
355,8030.0,8.677322603087172,41.38408631709384,2.1127257951151166
356,8273.0,19.727913999540867,41.7371279,1.829041
357,8860.0,4.811933138080238,41.27587265023666,1.9868189895146127
358,8027.0,7.047914392414719,41.38960859091039,2.1134082704685526
359,8029.0,18.141022845007388,41.27587265023666,1.9868189895146127
360,8014.0,2.0113610751452313,41.3842777,2.1152962
361,8028.0,1.5881872486129185,41.38863897597379,2.112282639297175
362,8940.0,12.150196857972904,41.27571168805547,1.9879474564334807
363,8370.0,52.1935682319807,41.38408631709384,2.1127257951151166
364,8901.0,23.495714993079723,41.5640438,2.0227191
365,8227.0,21.30901823131511,41.38408631709384,2.1127257951151166
366,8450.0,34.32244306204248,41.38960859091039,2.1134082704685526
367,8402.0,28.46274312732993,41.3842777,2.1152962
368,8930.0,46.75378764307858,41.2222231352044,1.7316575553370623
369,8201.0,18.116561649450336,41.38402502308066,2.1140131777567777
370,8028.0,22.362376937565095,41.5640438,2.0227191
371,8960.0,4.054384443047995,41.3839393,2.1139678
372,8232.0,5.582138092995412,41.5640438,2.0227191
373,8024.0,4.737595267572218,41.3842777,2.1152962
374,8860.0,20.346919349118696,41.3842777,2.1152962
375,8901.0,3.18822950740971,41.38960859091039,2.1134082704685526
376,17004.0,124.26438368419551,41.2222231352044,1.7316575553370623
377,8840.0,20.3947096649959,41.41353344047553,2.2218908797717853
378,8028.0,1.0720934931794075,41.3842777,2.1152962
379,8030.0,8.501539121044667,41.3842777,2.1152962
380,8912.0,3.685718690762155,41.41353344047553,2.2218908797717853
381,8392.0,52.864940957195145,41.27587265023666,1.9868189895146127
382,8500.0,57.63647453645734,41.41353344047553,2.2218908797717853
383,8019.0,8.457463673556445,41.3839393,2.1139678
384,,,41.2222231352044,1.7316575553370623
385,8025.0,21.21488890551892,41.5640438,2.0227191
386,8912.0,12.175042452152365,41.38960859091039,2.1134082704685526
387,8800.0,1.2180925227026016,41.2222231352044,1.7316575553370623
388,8243.0,1.4178683968692,41.7371279,1.829041
389,8459.0,38.57457298020474,41.3842777,2.1152962
390,8032.0,5.739050741851489,41.3842777,2.1152962
391,8028.0,16.165186846288723,41.27571168805547,1.9879474564334807
392,8006.0,3.495838864335447,41.38402502308066,2.1140131777567777
393,8758.0,13.430807661802692,41.27571168805547,1.9879474564334807
394,8021.0,6.982807882899134,41.41353344047553,2.2218908797717853
395,8271.0,12.251320296883735,41.7371279,1.829041
396,8012.0,4.092734307745963,41.38862665004671,2.1116058263259307
397,8233.0,10.424441417224855,41.57137629670731,2.024117255134348
398,8027.0,7.241052320536717,41.38367192649365,2.1158767251089436
399,8401.0,22.419939896852792,41.5640438,2.0227191
400,8600.0,40.419816688730585,41.7371279,1.829041
401,8241.0,1.2548358304531528,41.7371279,1.829041
402,8005.0,7.351038343727954,41.3842777,2.1152962
403,8029.0,2.9096836641145885,41.38862665004671,2.1116058263259307
404,0.0,3518.688392642839,41.38960859091039,2.1134082704685526
405,8904.0,23.306296426263824,41.57137629670731,2.024117255134348
406,8192.0,16.843488489562805,41.38402502308066,2.1140131777567777
407,8500.0,40.846706424110266,41.7371279,1.829041
408,8921.0,11.020703773040568,41.38862665004671,2.1116058263259307
409,8185.0,24.25588690777861,41.38960859091039,2.1134082704685526
410,8339.0,16.354674034614142,41.41353344047553,2.2218908797717853
411,8032.0,42.2383811432935,41.2222231352044,1.7316575553370623
412,8172.0,9.952320251308604,41.38402502308066,2.1140131777567777
413,8001.0,4.4917461495150315,41.38367192649365,2.1158767251089436
414,27600.0,788.8348570481762,41.5640438,2.0227191
415,8173.0,9.94352745875562,41.38863897597379,2.112282639297175
416,8198.0,14.733450318706632,41.57137629670731,2.024117255134348
417,8430.0,29.551933778914616,41.38402502308066,2.1140131777567777
418,8024.0,4.743123587273063,41.38367192649365,2.1158767251089436
419,8019.0,8.549039888026847,41.38408631709384,2.1127257951151166
420,8192.0,16.843488489562805,41.38402502308066,2.1140131777567777
421,8902.0,2.980687186280045,41.38960859091039,2.1134082704685526
422,43881.0,9.101672220586481,41.2222231352044,1.7316575553370623
423,8021.0,2.625860006400052,41.38862665004671,2.1116058263259307
424,8918.0,10.672576642514592,41.38960859091039,2.1134082704685526
425,8001.0,4.4917461495150315,41.38367192649365,2.1158767251089436
426,8036.0,39.73444879911905,41.2222231352044,1.7316575553370623
427,8170.0,19.87273175680954,41.5640438,2.0227191
428,8023.0,3.7316322000434705,41.38863897597379,2.112282639297175
429,8001.0,4.79044782398205,41.38960859091039,2.1134082704685526
430,8001.0,4.545592156713636,41.3842777,2.1152962
431,8019.0,8.303694873182922,41.38960859091039,2.1134082704685526
432,8023.0,3.906986130229665,41.3842777,2.1152962
433,8110.0,8.360211318650174,41.41353344047553,2.2218908797717853
434,8221.0,0.9286112158286054,41.5640438,2.0227191
435,,,41.3842777,2.1152962
436,8030.0,20.114424223674224,41.5640438,2.0227191
437,8023.0,4.064005371982097,41.38408631709384,2.1127257951151166
438,8291.0,12.618125201562046,41.38960859091039,2.1134082704685526
439,8650.0,10.785055214497637,41.7371279,1.829041
440,8028.0,22.362376937565095,41.5640438,2.0227191
441,8002.0,5.211002672966257,41.38402502308066,2.1140131777567777
442,8008.0,4.001432799140173,41.3842777,2.1152962
443,8860.0,4.811933138080238,41.27587265023666,1.9868189895146127
444,8032.0,21.875386837350362,41.27587265023666,1.9868189895146127
445,8028.0,1.5881872486129185,41.38863897597379,2.112282639297175
446,8034.0,1.0707432406559525,41.3842777,2.1152962
447,8203.0,8.28607226924989,41.5640438,2.0227191
448,8024.0,4.743123587273063,41.38367192649365,2.1158767251089436
449,8860.0,34.19223631940215,41.5640438,2.0227191
450,8030.0,8.2456841990933,41.38960859091039,2.1134082704685526
451,8026.0,6.673085938152088,41.38862665004671,2.1116058263259307
452,8225.0,1.9808798294594636,41.5640438,2.0227191
453,8018.0,6.727879991089012,41.3842777,2.1152962
454,8025.0,5.503702073670486,41.3839393,2.1139678
455,8850.0,24.586604481781187,41.2222231352044,1.7316575553370623
456,8620.0,8.976477542896658,41.3839393,2.1139678
457,8207.0,5.424926397384874,41.5640438,2.0227191
458,8784.0,24.61277802146973,41.7371279,1.829041
459,43700.0,38.52342721889132,41.27571168805547,1.9879474564334807
460,8030.0,8.677322603087172,41.38408631709384,2.1127257951151166
461,8042.0,8.41077462134281,41.3842777,2.1152962
462,8924.0,11.217360389353448,41.38367192649365,2.1158767251089436
463,8970.0,4.57112740164296,41.38402502308066,2.1140131777567777
464,8860.0,4.89819102583773,41.27571168805547,1.9879474564334807
465,,,41.27571168805547,1.9879474564334807
466,8020.0,,,
467,8905.0,2.1521828926665076,41.38863897597379,2.112282639297175
468,8980.0,5.320092428628051,41.38862665004671,2.1116058263259307
469,,,41.38408631709384,2.1127257951151166
470,17007.0,124.84090558218882,41.2222231352044,1.7316575553370623
471,8027.0,7.352978527319188,41.3839393,2.1139678
472,8225.0,25.53932553836576,41.41353344047553,2.2218908797717853
473,8303.0,31.20886449951933,41.3842777,2.1152962
474,43882.0,54.82058376058616,41.57137629670731,2.024117255134348
475,8204.0,8.338695471060124,41.5640438,2.0227191
476,8630.0,22.60768644003081,41.38960859091039,2.1134082704685526
477,8191.0,31.588948298695822,41.7371279,1.829041
478,8980.0,32.00972484446185,41.2222231352044,1.7316575553370623
479,8600.0,40.419816688730585,41.7371279,1.829041
480,,,41.38960859091039,2.1134082704685526
481,8339.0,25.075841597285624,41.38960859091039,2.1134082704685526
482,8924.0,5.438090947702128,41.41353344047553,2.2218908797717853
483,8720.0,35.40611345704021,41.38960859091039,2.1134082704685526
484,8032.0,5.428043260497314,41.38960859091039,2.1134082704685526
485,8041.0,6.303759102249611,41.3842777,2.1152962
486,8004.0,4.50334300969593,41.38960859091039,2.1134082704685526
487,8201.0,7.201224740235446,41.5640438,2.0227191
488,8037.0,4.424919801605896,41.38960859091039,2.1134082704685526
489,8757.0,17.11057615430352,41.38402502308066,2.1140131777567777
490,8014.0,2.4842304408407916,41.38863897597379,2.112282639297175
491,8029.0,2.7708117905965053,41.38960859091039,2.1134082704685526
492,8571.0,51.182659825828225,41.7371279,1.829041
493,8270.0,22.996010052735873,41.5640438,2.0227191
494,8028.0,1.1386016771219993,41.3839393,2.1139678
495,8034.0,0.5879384126510485,41.38960859091039,2.1134082704685526
496,8002.0,5.21438212957657,41.3839393,2.1139678
497,8173.0,10.480988455422517,41.3842777,2.1152962
498,8007.0,22.68858899459718,41.5640438,2.0227191
499,80826.0,365.3982657388849,41.38863897597379,2.112282639297175
500,8022.0,2.899049427304488,41.3842777,2.1152962
501,8028.0,1.2343332546153387,41.38408631709384,2.1127257951151166
502,8302.0,22.387198810347243,41.41353344047553,2.2218908797717853
503,8850.0,14.46701987493579,41.38960859091039,2.1134082704685526
504,8905.0,10.536401934499443,41.41353344047553,2.2218908797717853
505,8024.0,4.706727583173971,41.38862665004671,2.1116058263259307
506,8028.0,1.1386016771219993,41.3839393,2.1139678
507,8304.0,25.160106303523353,41.41353344047553,2.2218908797717853
508,8788.0,44.449348281822004,41.38862665004671,2.1116058263259307
509,8757.0,36.25031148723342,41.7371279,1.829041
510,8018.0,,,
511,8028.0,1.6093356252899422,41.38960859091039,2.1134082704685526
512,8006.0,3.390867989353971,41.3842777,2.1152962
513,8253.0,7.12247047178024,41.7371279,1.829041
514,8026.0,6.600510742663948,41.3842777,2.1152962
515,8011.0,6.1684803797948815,41.41353344047553,2.2218908797717853
516,8820.0,32.779015410359655,41.2222231352044,1.7316575553370623
517,8015.0,4.049469122160957,41.38862665004671,2.1116058263259307
518,8950.0,2.4872538564589504,41.3842777,2.1152962
519,8042.0,8.213322476197686,41.38862665004671,2.1116058263259307
520,8901.0,23.495714993079723,41.5640438,2.0227191
521,8172.0,9.952320251308604,41.38402502308066,2.1140131777567777
522,8410.0,22.044802791857652,41.5640438,2.0227191
523,8860.0,4.811933138080238,41.27587265023666,1.9868189895146127
524,8002.0,5.211002672966257,41.38402502308066,2.1140131777567777
525,8015.0,3.941611594379479,41.38960859091039,2.1134082704685526
526,8860.0,20.238576771105908,41.3839393,2.1139678
527,8750.0,8.465750914400854,41.3839393,2.1139678
528,8028.0,1.0720934931794075,41.3842777,2.1152962
529,8015.0,18.165843307240234,41.27571168805547,1.9879474564334807
530,8030.0,20.114424223674224,41.5640438,2.0227191
531,8292.0,26.23354531506791,41.38408631709384,2.1127257951151166
532,8786.0,39.314654823380714,41.3842777,2.1152962
533,8208.0,18.958194353056378,41.3839393,2.1139678
534,8022.0,2.7367379550616695,41.38862665004671,2.1116058263259307
535,8024.0,4.521348787099854,41.38960859091039,2.1134082704685526
536,8902.0,,,
537,8720.0,44.758990965626246,41.41353344047553,2.2218908797717853
538,8243.0,43.89611957969259,41.38960859091039,2.1134082704685526
539,8800.0,1.2180925227026016,41.2222231352044,1.7316575553370623
540,8022.0,2.899049427304488,41.3842777,2.1152962
541,8173.0,10.47640521303985,41.38402502308066,2.1140131777567777
542,8940.0,3.9816146181326895,41.3842777,2.1152962
543,8025.0,5.389079723330871,41.3842777,2.1152962
544,8016.0,4.229991245082738,41.41353344047553,2.2218908797717853
545,8202.0,8.173595213640562,41.5640438,2.0227191
546,8917.0,28.335744972071087,41.27587265023666,1.9868189895146127
547,8800.0,37.895461586325126,41.38960859091039,2.1134082704685526
548,25430.0,99.68605927368897,41.5640438,2.0227191
549,8025.0,5.438708801099733,41.38862665004671,2.1116058263259307
550,8014.0,37.866835370006434,41.2222231352044,1.7316575553370623
551,43203.0,88.55377008489178,41.5640438,2.0227191
552,,,41.3842777,2.1152962
553,8980.0,14.851361319349797,41.41353344047553,2.2218908797717853
554,8028.0,37.173513221066166,41.2222231352044,1.7316575553370623
555,8014.0,2.192297881782697,41.38408631709384,2.1127257951151166
556,8242.0,0.759091001771989,41.7371279,1.829041
557,8017.0,18.08397394706756,41.27571168805547,1.9879474564334807
558,8225.0,1.9808798294594636,41.5640438,2.0227191
559,8860.0,20.238576771105908,41.3839393,2.1139678
560,8202.0,17.37091477889174,41.38960859091039,2.1134082704685526
561,8037.0,4.56822703389426,41.38402502308066,2.1140131777567777
562,8028.0,1.6093356252899422,41.38960859091039,2.1134082704685526
563,8226.0,23.983595222593618,41.7371279,1.829041
564,43830.0,65.28631839513469,41.38863897597379,2.112282639297175
565,8320.0,36.24053731773662,41.27571168805547,1.9879474564334807
566,8940.0,4.288424574474901,41.38960859091039,2.1134082704685526
567,8023.0,,,
568,8860.0,4.89819102583773,41.27571168805547,1.9879474564334807
569,8940.0,3.97462988168358,41.38367192649365,2.1158767251089436
570,8640.0,25.049187096322186,41.38960859091039,2.1134082704685526
571,8022.0,,,
572,43580.0,120.75047405748408,41.27587265023666,1.9868189895146127
573,8110.0,16.107725812345446,41.5640438,2.0227191
574,8030.0,8.677322603087172,41.38408631709384,2.1127257951151166
575,8243.0,44.393107607396324,41.38408631709384,2.1127257951151166
576,8023.0,3.7316322000434705,41.38863897597379,2.112282639297175
577,8902.0,15.181015357669185,41.27587265023666,1.9868189895146127
578,8242.0,0.759091001771989,41.7371279,1.829041
579,8004.0,4.138581803123196,41.3839393,2.1139678
580,8001.0,4.75743435661038,41.38408631709384,2.1127257951151166
581,8027.0,3.1434643470118,41.41353344047553,2.2218908797717853
582,8459.0,38.37192565593343,41.38862665004671,2.1116058263259307
583,8760.0,18.74696391261627,41.38408631709384,2.1127257951151166
584,8028.0,1.5881872486129185,41.38863897597379,2.112282639297175
585,8901.0,11.376723762900289,41.41353344047553,2.2218908797717853
586,8191.0,7.249642659140581,41.5640438,2.0227191
587,7712.0,263.2802340744381,41.5640438,2.0227191
588,8223.0,1.5802354761000894,41.5640438,2.0227191
589,8860.0,4.811933138080238,41.27587265023666,1.9868189895146127
590,8201.0,7.201224740235446,41.5640438,2.0227191
591,45003.0,544.582039971648,41.38862665004671,2.1116058263259307
592,8015.0,4.049469122160957,41.38862665004671,2.1116058263259307
593,17300.0,64.44737240022228,41.3839393,2.1139678
594,8700.0,46.51379950537883,41.38960859091039,2.1134082704685526
595,8440.0,27.623926706218672,41.41353344047553,2.2218908797717853
596,8004.0,4.569190400291564,41.38862665004671,2.1116058263259307
597,8830.0,29.161688328159862,41.2222231352044,1.7316575553370623
598,8003.0,,,
599,8021.0,2.5518126472545046,41.3842777,2.1152962
600,8830.0,7.620881877089698,41.3839393,2.1139678
601,8756.0,12.761176348463513,41.3842777,2.1152962
602,8028.0,1.6093356252899422,41.38960859091039,2.1134082704685526
603,8005.0,7.461678384932452,41.38402502308066,2.1140131777567777
604,8911.0,5.115924429984852,41.41353344047553,2.2218908797717853
605,8470.0,43.74325943706127,41.38408631709384,2.1127257951151166
606,8940.0,12.150196857972904,41.27571168805547,1.9879474564334807
607,8392.0,37.306220004982244,41.38408631709384,2.1127257951151166
608,8028.0,1.5881872486129185,41.38863897597379,2.112282639297175
609,8173.0,9.94352745875562,41.38863897597379,2.112282639297175
610,8430.0,29.465410533270443,41.3842777,2.1152962
611,8011.0,6.1684803797948815,41.41353344047553,2.2218908797717853
612,8029.0,6.973945074425503,41.41353344047553,2.2218908797717853
613,8107.0,17.848762850131152,41.5640438,2.0227191
614,8415.0,19.59933205767993,41.5640438,2.0227191
615,8029.0,22.93193300262793,41.57137629670731,2.024117255134348
616,8570.0,57.30631651963377,41.5640438,2.0227191
617,8912.0,12.175042452152365,41.38960859091039,2.1134082704685526
618,8004.0,7.451227888228714,41.41353344047553,2.2218908797717853
619,8901.0,2.594788477029841,41.3839393,2.1139678
620,8800.0,1.2180925227026016,41.2222231352044,1.7316575553370623
621,8042.0,8.41077462134281,41.3842777,2.1152962
622,8830.0,7.730943085615743,41.3842777,2.1152962
623,8028.0,37.173513221066166,41.2222231352044,1.7316575553370623
624,8018.0,6.7161152632407735,41.38960859091039,2.1134082704685526
625,8850.0,24.586604481781187,41.2222231352044,1.7316575553370623
626,8029.0,2.606041702570183,41.3842777,2.1152962
627,8015.0,6.661120671446829,41.41353344047553,2.2218908797717853
628,8242.0,0.759091001771989,41.7371279,1.829041
629,8005.0,7.351038343727954,41.3842777,2.1152962
630,8003.0,4.5784182203108745,41.41353344047553,2.2218908797717853
631,8203.0,16.29692906083738,41.41353344047553,2.2218908797717853
632,8034.0,0.7308438196944624,41.38863897597379,2.112282639297175
633,8302.0,22.387198810347243,41.41353344047553,2.2218908797717853
634,8011.0,3.7550698851673725,41.3839393,2.1139678
635,8028.0,1.6262279781379911,41.38862665004671,2.1116058263259307
636,8221.0,21.234282838641313,41.38862665004671,2.1116058263259307
637,8009.0,4.654159996803831,41.3842777,2.1152962
638,8014.0,2.4754283282273293,41.38960859091039,2.1134082704685526
639,8001.0,5.698201258206155,41.41353344047553,2.2218908797717853
640,8860.0,4.89819102583773,41.27571168805547,1.9879474564334807
641,8028.0,37.173513221066166,41.2222231352044,1.7316575553370623
642,8970.0,14.147896551746642,41.41353344047553,2.2218908797717853
643,8024.0,4.706727583173971,41.38862665004671,2.1116058263259307
644,8013.0,5.547743286684762,41.3842777,2.1152962
645,8960.0,4.048680931814005,41.38960859091039,2.1134082704685526
646,,,41.27571168805547,1.9879474564334807
647,8720.0,13.902740182952725,41.2222231352044,1.7316575553370623
648,8034.0,1.0707432406559525,41.3842777,2.1152962
649,8225.0,22.577621623269163,41.38960859091039,2.1134082704685526
650,8030.0,8.600532156855378,41.38402502308066,2.1140131777567777
651,8018.0,6.844920201329065,41.3839393,2.1139678
652,8002.0,23.954009210481786,41.5640438,2.0227191
653,8292.0,26.385462794751128,41.3842777,2.1152962
654,8800.0,1.2180925227026016,41.2222231352044,1.7316575553370623
655,8021.0,2.666132810598383,41.3839393,2.1139678
656,8800.0,37.551201327992445,41.38408631709384,2.1127257951151166
657,8700.0,41.19608110990589,41.2222231352044,1.7316575553370623
658,8032.0,5.900078913783285,41.38408631709384,2.1127257951151166
659,8014.0,2.4842304408407916,41.38863897597379,2.112282639297175
660,8206.0,18.428605294085763,41.38960859091039,2.1134082704685526
661,8950.0,13.803851628626411,41.27571168805547,1.9879474564334807
662,8012.0,,,
663,8100.0,53.495463507438814,41.2222231352044,1.7316575553370623
664,8860.0,4.89819102583773,41.27571168805547,1.9879474564334807
665,8036.0,3.35223225758617,41.38862665004671,2.1116058263259307
666,8461.0,36.95710083812033,41.41353344047553,2.2218908797717853
667,8390.0,16.490924962076555,41.3842777,2.1152962
668,8280.0,62.93861457415146,41.38402502308066,2.1140131777567777
669,8798.0,21.543389712346478,41.27587265023666,1.9868189895146127
670,8029.0,2.8535015685458145,41.38863897597379,2.112282639297175
671,8917.0,12.297139904289446,41.3842777,2.1152962
672,8328.0,20.749810640343675,41.38960859091039,2.1134082704685526
673,8028.0,1.6093356252899422,41.38960859091039,2.1134082704685526
674,8120.0,39.34635548444401,41.7371279,1.829041
675,8250.0,47.5236020945167,41.3839393,2.1139678
676,8302.0,31.567848356883836,41.38862665004671,2.1116058263259307
677,8830.0,25.66604264246252,41.57137629670731,2.024117255134348
678,8350.0,41.96876863372587,41.38960859091039,2.1134082704685526
679,8950.0,2.4872538564589504,41.3842777,2.1152962
680,8013.0,5.710442346221276,41.38862665004671,2.1116058263259307
681,8290.0,11.405676985593743,41.38960859091039,2.1134082704685526
682,8310.0,21.44232609369015,41.41353344047553,2.2218908797717853
683,8013.0,3.9232999225759637,41.41353344047553,2.2218908797717853
684,8100.0,16.11275081792757,41.5640438,2.0227191
685,8348.0,42.13818950383018,41.27587265023666,1.9868189895146127
686,8960.0,4.048680931814005,41.38960859091039,2.1134082704685526
687,8014.0,2.5294082640268227,41.38862665004671,2.1116058263259307
688,8191.0,7.249642659140581,41.5640438,2.0227191
689,8221.0,0.9286112158286054,41.5640438,2.0227191
690,8025.0,5.256733820409344,41.38960859091039,2.1134082704685526
691,8018.0,6.727879991089012,41.3842777,2.1152962
692,8222.0,0.2009441903473129,41.5640438,2.0227191
693,8013.0,5.66478389098873,41.3839393,2.1139678
694,8029.0,22.93193300262793,41.57137629670731,2.024117255134348
695,8251.0,49.88160604137947,41.38960859091039,2.1134082704685526
696,8036.0,,,
697,8014.0,8.28804324866159,41.41353344047553,2.2218908797717853
698,8906.0,2.206282395124289,41.38862665004671,2.1116058263259307
699,8006.0,6.217370104553719,41.41353344047553,2.2218908797717853
700,8800.0,47.144256419300426,41.41353344047553,2.2218908797717853
701,8017.0,2.4871404030242807,41.3842777,2.1152962
702,8921.0,4.567483666300642,41.41353344047553,2.2218908797717853
703,8207.0,5.424926397384874,41.5640438,2.0227191
704,8912.0,12.340633819506486,41.38367192649365,2.1158767251089436
705,8187.0,30.203662455517605,41.38402502308066,2.1140131777567777
706,,,41.38402502308066,2.1140131777567777
707,8904.0,1.1318003658713436,41.38367192649365,2.1158767251089436
708,8227.0,21.3460654584859,41.38402502308066,2.1140131777567777
709,8018.0,6.832902965914549,41.38863897597379,2.112282639297175
710,8173.0,10.47640521303985,41.38402502308066,2.1140131777567777
711,8402.0,28.210013965272907,41.38862665004671,2.1116058263259307
712,8950.0,2.3792634374523947,41.38402502308066,2.1140131777567777
713,8028.0,1.0720934931794075,41.3842777,2.1152962
714,,,41.27587265023666,1.9868189895146127
715,,,41.38367192649365,2.1158767251089436
716,8025.0,5.5853156144543785,41.38408631709384,2.1127257951151166
717,8301.0,32.56255490044909,41.38402502308066,2.1140131777567777
718,8021.0,2.666132810598383,41.3839393,2.1139678
719,8800.0,37.895461586325126,41.38960859091039,2.1134082704685526
720,8221.0,21.783742362865404,41.38402502308066,2.1140131777567777
721,8860.0,4.811933138080238,41.27587265023666,1.9868189895146127
722,8025.0,21.21488890551892,41.5640438,2.0227191
723,8700.0,46.85093542381713,41.3839393,2.1139678
724,8017.0,2.4871404030242807,41.3842777,2.1152962
725,8840.0,4.933418020778242,41.27571168805547,1.9879474564334807
726,8041.0,6.303759102249611,41.3842777,2.1152962
727,8221.0,1.3100529717721832,41.57137629670731,2.024117255134348
728,8022.0,2.9948796754251754,41.3839393,2.1139678
729,8222.0,0.2009441903473129,41.5640438,2.0227191
730,8480.0,28.420861435823962,41.41353344047553,2.2218908797717853
731,8007.0,,,
732,8001.0,4.79044782398205,41.38960859091039,2.1134082704685526
733,8110.0,11.873914155064712,41.38960859091039,2.1134082704685526
734,8914.0,11.168825559886615,41.38863897597379,2.112282639297175
735,8830.0,7.730943085615743,41.3842777,2.1152962
736,8012.0,5.550063592958266,41.41353344047553,2.2218908797717853
737,8014.0,8.28804324866159,41.41353344047553,2.2218908797717853
738,8810.0,5.870171645446466,41.2222231352044,1.7316575553370623
739,8392.0,38.74174098022661,41.5640438,2.0227191
740,8755.0,22.808375599708036,41.27571168805547,1.9879474564334807
741,8025.0,5.256733820409344,41.38960859091039,2.1134082704685526
742,8211.0,7.807652108104776,41.5640438,2.0227191
743,8830.0,16.980426940474143,41.41353344047553,2.2218908797717853
744,8014.0,16.64064749663093,41.27571168805547,1.9879474564334807
745,8028.0,1.0720934931794075,41.3842777,2.1152962
746,8172.0,11.554964623398632,41.5640438,2.0227191
747,8020.0,21.82845310048934,41.5640438,2.0227191
748,8006.0,3.2478499860724406,41.38960859091039,2.1134082704685526
749,8950.0,13.803851628626411,41.27571168805547,1.9879474564334807
750,43881.0,9.101672220586481,41.2222231352044,1.7316575553370623
751,8970.0,45.33099676092826,41.7371279,1.829041
752,8980.0,5.376473208517021,41.38863897597379,2.112282639297175
753,8380.0,59.558219794645595,41.38960859091039,2.1134082704685526
754,8021.0,2.4489426508664787,41.38960859091039,2.1134082704685526
755,8917.0,4.485765782727017,41.41353344047553,2.2218908797717853
756,8025.0,5.389079723330871,41.3842777,2.1152962
757,8029.0,22.258324007577464,41.5640438,2.0227191
758,8225.0,1.9808798294594636,41.5640438,2.0227191
759,8018.0,6.703918743686045,41.38367192649365,2.1158767251089436
760,8015.0,3.9960603608916694,41.38863897597379,2.112282639297175
761,8003.0,,,
762,8850.0,14.46701987493579,41.38960859091039,2.1134082704685526
763,8720.0,35.40611345704021,41.38960859091039,2.1134082704685526
764,8028.0,0.9922414713604857,41.38367192649365,2.1158767251089436
765,8036.0,39.73444879911905,41.2222231352044,1.7316575553370623
766,8173.0,10.484440404972105,41.3839393,2.1139678
767,8007.0,22.68858899459718,41.5640438,2.0227191
768,8024.0,20.826274779302206,41.27587265023666,1.9868189895146127
769,17007.0,105.80699943437627,41.27571168805547,1.9879474564334807
770,8243.0,43.93980749654892,41.38863897597379,2.112282639297175
771,8243.0,44.46023562253071,41.3839393,2.1139678
772,8014.0,8.28804324866159,41.41353344047553,2.2218908797717853
773,8214.0,13.75566202058357,41.41353344047553,2.2218908797717853
774,8904.0,1.8080218409172442,41.38960859091039,2.1134082704685526
775,8940.0,13.261464509377582,41.41353344047553,2.2218908797717853
776,8017.0,2.4871404030242807,41.3842777,2.1152962
777,8224.0,1.7489835491371337,41.5640438,2.0227191
778,8225.0,1.9808798294594636,41.5640438,2.0227191
779,8800.0,23.365014805757543,41.27571168805547,1.9879474564334807
780,8029.0,2.8215408939844426,41.38408631709384,2.1127257951151166
781,8222.0,0.2009441903473129,41.5640438,2.0227191
782,8860.0,20.339565277175364,41.38367192649365,2.1158767251089436
783,8036.0,3.35223225758617,41.38862665004671,2.1116058263259307
784,8800.0,1.2180925227026016,41.2222231352044,1.7316575553370623
785,17411.0,70.48889912399436,41.38960859091039,2.1134082704685526
786,8911.0,13.922047243095264,41.3839393,2.1139678
787,8980.0,5.479876270354586,41.38960859091039,2.1134082704685526
788,8026.0,,,
789,8038.0,4.202259848251729,41.38960859091039,2.1134082704685526
790,,,41.2222231352044,1.7316575553370623
791,8022.0,7.259464415068327,41.41353344047553,2.2218908797717853
792,,,41.38960859091039,2.1134082704685526
793,8025.0,5.503702073670486,41.3839393,2.1139678
794,8930.0,1.6368189824844273,41.41353344047553,2.2218908797717853
795,8015.0,4.049469122160957,41.38862665004671,2.1116058263259307
796,8030.0,8.385919906932578,41.38863897597379,2.112282639297175
797,8029.0,22.258324007577464,41.5640438,2.0227191
798,8450.0,34.32244306204248,41.38960859091039,2.1134082704685526
799,8840.0,11.493771884838475,41.38863897597379,2.112282639297175
800,8902.0,2.9331480620652055,41.38862665004671,2.1116058263259307
801,8860.0,20.339565277175364,41.38367192649365,2.1158767251089436
802,8035.0,5.714319671694131,41.3842777,2.1152962
803,8029.0,2.606041702570183,41.3842777,2.1152962
804,8940.0,32.87959836292657,41.2222231352044,1.7316575553370623
805,8038.0,4.202259848251729,41.38960859091039,2.1134082704685526
806,8290.0,12.017752638087908,41.3839393,2.1139678
807,8028.0,1.0720934931794075,41.3842777,2.1152962
808,8027.0,3.1434643470118,41.41353344047553,2.2218908797717853
809,8869.0,6213.348542104393,41.27571168805547,1.9879474564334807
810,8029.0,2.606041702570183,41.3842777,2.1152962
811,8028.0,1.1386016771219993,41.3839393,2.1139678
812,8026.0,6.49232639768306,41.38960859091039,2.1134082704685526
813,8295.0,26.27535038373481,41.38960859091039,2.1134082704685526
814,8038.0,24.885613761038584,41.5640438,2.0227191
815,8206.0,5.813473325342341,41.5640438,2.0227191
816,,,41.38862665004671,2.1116058263259307
817,8940.0,12.19578016236376,41.27587265023666,1.9868189895146127
818,,,41.38863897597379,2.112282639297175
819,8242.0,0.759091001771989,41.7371279,1.829041
820,8036.0,18.71691884563686,41.27587265023666,1.9868189895146127
821,8226.0,1.4339768644417916,41.5640438,2.0227191
822,8950.0,2.3714990490437384,41.3839393,2.1139678
823,8041.0,6.242982653316139,41.38863897597379,2.112282639297175
824,8206.0,5.813473325342341,41.5640438,2.0227191
825,8105.0,17.976278838706666,41.38408631709384,2.1127257951151166
826,8221.0,0.9286112158286054,41.5640438,2.0227191
827,8022.0,7.259464415068327,41.41353344047553,2.2218908797717853
828,8029.0,18.084149392975426,41.27571168805547,1.9879474564334807
829,,,41.3839393,2.1139678
830,8786.0,25.962849739634446,41.7371279,1.829041
831,8014.0,16.64064749663093,41.27571168805547,1.9879474564334807
832,8174.0,9.218153741653948,41.5640438,2.0227191
833,17240.0,78.6848498449709,41.5640438,2.0227191
834,8222.0,0.2009441903473129,41.5640438,2.0227191
835,8015.0,3.9960603608916694,41.38863897597379,2.112282639297175
836,8812.0,1.6278803314410553,41.2222231352044,1.7316575553370623
837,8720.0,13.902740182952725,41.2222231352044,1.7316575553370623
838,8221.0,0.9286112158286054,41.5640438,2.0227191
839,8186.0,22.264362482002326,41.41353344047553,2.2218908797717853
840,8292.0,26.32064232057971,41.38402502308066,2.1140131777567777
841,8030.0,8.609652109796608,41.3839393,2.1139678
842,8348.0,17.338092854394194,41.41353344047553,2.2218908797717853
843,8272.0,3.7968999021192973,41.7371279,1.829041
844,8037.0,5.013341856711883,41.41353344047553,2.2218908797717853
845,8780.0,16.25132286645977,41.27571168805547,1.9879474564334807
846,8005.0,7.392019550275548,41.38960859091039,2.1134082704685526
847,8022.0,2.9267471791111777,41.38367192649365,2.1158767251089436
848,8232.0,24.018673593500512,41.38402502308066,2.1140131777567777
849,8172.0,11.554964623398632,41.5640438,2.0227191
850,8906.0,11.183889517587895,41.41353344047553,2.2218908797717853
851,8222.0,0.2009441903473129,41.5640438,2.0227191
852,8950.0,13.803851628626411,41.27571168805547,1.9879474564334807
853,8208.0,18.948464208393254,41.38402502308066,2.1140131777567777
854,8031.0,5.1068708565536545,41.41353344047553,2.2218908797717853
855,8350.0,41.96876863372587,41.38960859091039,2.1134082704685526
856,8912.0,3.685718690762155,41.41353344047553,2.2218908797717853
857,8291.0,13.18440160019697,41.5640438,2.0227191
858,8222.0,0.2009441903473129,41.5640438,2.0227191
859,8006.0,3.390867989353971,41.3842777,2.1152962
860,8224.0,31.719474567484934,41.27587265023666,1.9868189895146127
861,8023.0,19.83462195392878,41.5640438,2.0227191
862,8850.0,2.355363021237017,41.27571168805547,1.9879474564334807
863,8720.0,35.40611345704021,41.38960859091039,2.1134082704685526
864,8970.0,4.564123566261332,41.3839393,2.1139678
865,8970.0,4.654727673292691,41.38863897597379,2.112282639297175
866,8029.0,2.606041702570183,41.3842777,2.1152962
867,8902.0,2.980687186280045,41.38960859091039,2.1134082704685526
868,8903.0,1.5747101806893096,41.38367192649365,2.1158767251089436
869,8013.0,5.539563110134698,41.38960859091039,2.1134082704685526
870,8440.0,29.160066979674415,41.5640438,2.0227191
871,8037.0,,,
872,8860.0,20.346919349118696,41.3842777,2.1152962
873,8028.0,1.0720934931794075,41.3842777,2.1152962
874,17252.0,87.27819119002082,41.41353344047553,2.2218908797717853
875,,,41.3842777,2.1152962
876,8912.0,3.685718690762155,41.41353344047553,2.2218908797717853
877,8460.0,44.44476228177006,41.38408631709384,2.1127257951151166
878,8024.0,4.706727583173971,41.38862665004671,2.1116058263259307
879,8173.0,9.94352745875562,41.38863897597379,2.112282639297175
880,8014.0,2.0920410689998077,41.3839393,2.1139678
881,8015.0,4.049469122160957,41.38862665004671,2.1116058263259307
882,8840.0,11.63650482586533,41.38960859091039,2.1134082704685526
883,8222.0,0.2009441903473129,41.5640438,2.0227191
884,8913.0,10.315092625585356,41.38960859091039,2.1134082704685526
885,8391.0,32.59278799194883,41.27571168805547,1.9879474564334807
886,8792.0,32.66250430135618,41.5640438,2.0227191
887,8242.0,0.759091001771989,41.7371279,1.829041
888,8860.0,4.89819102583773,41.27571168805547,1.9879474564334807
889,8915.0,14.052285398393694,41.38402502308066,2.1140131777567777
890,8242.0,0.759091001771989,41.7371279,1.829041
891,8800.0,37.895461586325126,41.38960859091039,2.1134082704685526
892,8980.0,5.609621886985622,41.3842777,2.1152962
893,8004.0,4.50334300969593,41.38960859091039,2.1134082704685526
894,8620.0,40.88514871819622,41.7371279,1.829041
895,8787.0,,,
896,8191.0,7.249642659140581,41.5640438,2.0227191
897,8820.0,6.833206626269579,41.3842777,2.1152962
898,8029.0,2.9096836641145885,41.38862665004671,2.1116058263259307
899,8290.0,11.405676985593743,41.38960859091039,2.1134082704685526
900,8530.0,25.50130689502854,41.5640438,2.0227191
901,8940.0,3.8736528404158994,41.3839393,2.1139678
902,8222.0,0.2009441903473129,41.5640438,2.0227191
903,8028.0,1.0720934931794075,41.3842777,2.1152962
904,8223.0,1.5802354761000894,41.5640438,2.0227191
905,8348.0,17.338092854394194,41.41353344047553,2.2218908797717853
906,8035.0,5.796208712103515,41.3839393,2.1139678
907,8036.0,3.318936512463769,41.38408631709384,2.1127257951151166
908,8026.0,22.377411396769297,41.27571168805547,1.9879474564334807
909,8029.0,2.7201881965348877,41.3839393,2.1139678
910,8015.0,24.2499773658383,41.57137629670731,2.024117255134348
911,8036.0,3.2206571355265337,41.3839393,2.1139678
912,8028.0,1.0720934931794075,41.3842777,2.1152962
913,8025.0,4.2795217968190205,41.41353344047553,2.2218908797717853
914,8034.0,8.952996355398408,41.41353344047553,2.2218908797717853
915,8901.0,2.594788477029841,41.3839393,2.1139678
916,8029.0,2.606041702570183,41.3842777,2.1152962
917,25200.0,76.7847491584098,41.38960859091039,2.1134082704685526
918,8810.0,31.120664694633557,41.38862665004671,2.1116058263259307
919,8005.0,23.557572725440615,41.5640438,2.0227191
920,8203.0,32.61559514839838,41.7371279,1.829041
921,8037.0,,,
922,8304.0,25.160106303523353,41.41353344047553,2.2218908797717853
923,8906.0,2.2314521726379346,41.38863897597379,2.112282639297175
924,8203.0,16.427564434218077,41.38863897597379,2.112282639297175
925,8028.0,1.5881872486129185,41.38863897597379,2.112282639297175
926,8201.0,7.201224740235446,41.5640438,2.0227191
927,8370.0,51.99665314978742,41.3842777,2.1152962
928,8201.0,7.201224740235446,41.5640438,2.0227191
929,8024.0,4.521348787099854,41.38960859091039,2.1134082704685526
930,8980.0,5.376473208517021,41.38863897597379,2.112282639297175
931,8391.0,16.319677771181375,41.38960859091039,2.1134082704685526
932,2028.0,1867.8835462724737,41.3839393,2.1139678
933,8028.0,16.165186846288723,41.27571168805547,1.9879474564334807
934,8034.0,0.7689590424040591,41.38862665004671,2.1116058263259307
935,8010.0,5.211282075429813,41.38863897597379,2.112282639297175
936,8027.0,7.352978527319188,41.3839393,2.1139678
937,8013.0,3.9232999225759637,41.41353344047553,2.2218908797717853
938,8700.0,24.526989083618016,41.7371279,1.829041
939,,,41.41353344047553,2.2218908797717853
940,8630.0,29.073671141330053,41.41353344047553,2.2218908797717853
941,8180.0,27.98637956569733,41.5640438,2.0227191
942,8830.0,8.619206117534032,41.27587265023666,1.9868189895146127
943,8172.0,9.952320251308604,41.38402502308066,2.1140131777567777
944,8014.0,2.192297881782697,41.38408631709384,2.1127257951151166
945,8918.0,2.2759651920073716,41.41353344047553,2.2218908797717853
946,8005.0,7.392019550275548,41.38960859091039,2.1134082704685526
947,8029.0,2.606041702570183,41.3842777,2.1152962
948,8026.0,3.0495724513309757,41.41353344047553,2.2218908797717853
949,8209.0,2250.8340079456957,41.38862665004671,2.1116058263259307
950,8033.0,25.651361817984736,41.27571168805547,1.9879474564334807
951,8015.0,3.941611594379479,41.38960859091039,2.1134082704685526
952,8980.0,5.479876270354586,41.38960859091039,2.1134082704685526
953,8242.0,45.44738187621134,41.3842777,2.1152962
954,8191.0,7.249642659140581,41.5640438,2.0227191
955,,,41.3842777,2.1152962
956,2028.0,1867.7800269561917,41.3842777,2.1152962
957,8023.0,3.5896855897206286,41.38960859091039,2.1134082704685526
958,8901.0,2.6667810888802173,41.3842777,2.1152962
959,8028.0,,,
960,12600.0,247.77661365921426,41.27571168805547,1.9879474564334807
961,8035.0,5.785982718456344,41.38402502308066,2.1140131777567777
962,83293.0,330.87564714670685,41.3839393,2.1139678
963,8030.0,8.609652109796608,41.3839393,2.1139678
964,8032.0,5.612673488549695,41.38862665004671,2.1116058263259307
965,8027.0,7.241052320536717,41.38367192649365,2.1158767251089436
966,8027.0,7.047914392414719,41.38960859091039,2.1134082704685526
967,8003.0,5.739397675628859,41.38862665004671,2.1116058263259307
968,8020.0,8.33182880308914,41.38862665004671,2.1116058263259307
969,8902.0,2.9129039504432757,41.38863897597379,2.112282639297175
970,8222.0,0.2009441903473129,41.5640438,2.0227191
971,8320.0,11.439468751313724,41.41353344047553,2.2218908797717853
972,8029.0,2.606041702570183,41.3842777,2.1152962
973,8320.0,11.439468751313724,41.41353344047553,2.2218908797717853
974,,,41.38863897597379,2.112282639297175
975,8014.0,2.4754283282273293,41.38960859091039,2.1134082704685526
976,8028.0,,,
977,8034.0,0.5879384126510485,41.38960859091039,2.1134082704685526
978,8105.0,18.906955063171015,41.5640438,2.0227191
979,8310.0,30.27290835928654,41.3842777,2.1152962
980,8800.0,1.2180925227026016,41.2222231352044,1.7316575553370623
981,8028.0,1.0720934931794075,41.3842777,2.1152962
982,8020.0,8.33182880308914,41.38862665004671,2.1116058263259307
983,8820.0,10.77313622501494,41.27571168805547,1.9879474564334807
984,8870.0,6.676034447379622,41.2222231352044,1.7316575553370623
985,8015.0,3.7309475040781748,41.3839393,2.1139678
986,8006.0,3.390867989353971,41.3842777,2.1152962
987,8921.0,10.835648075967883,41.38960859091039,2.1134082704685526
988,8015.0,3.941611594379479,41.38960859091039,2.1134082704685526
989,8225.0,33.356036322595756,41.27587265023666,1.9868189895146127
990,8029.0,18.084149392975426,41.27571168805547,1.9879474564334807
991,8914.0,3.4278203555157964,41.41353344047553,2.2218908797717853
992,8006.0,3.388620047288305,41.38367192649365,2.1158767251089436
993,8004.0,24.66376542179077,41.5640438,2.0227191
994,8295.0,26.27535038373481,41.38960859091039,2.1134082704685526
995,17520.0,116.91529477545286,41.38960859091039,2.1134082704685526
996,8420.0,29.633262839433865,41.3842777,2.1152962
997,,,41.5640438,2.0227191
998,8011.0,22.97767247060138,41.5640438,2.0227191
999,8180.0,27.16588681094299,41.57137629670731,2.024117255134348
1000,8026.0,22.434812823101105,41.27587265023666,1.9868189895146127
1001,8903.0,1.689198199868253,41.3839393,2.1139678
1002,8755.0,15.510084672688759,41.38960859091039,2.1134082704685526
1003,8001.0,5.698201258206155,41.41353344047553,2.2218908797717853
1004,8035.0,5.755066099561572,41.38367192649365,2.1158767251089436
1005,8850.0,24.586604481781187,41.2222231352044,1.7316575553370623
1006,8391.0,8.422282325075384,41.41353344047553,2.2218908797717853
1007,8001.0,24.4304207950036,41.57137629670731,2.024117255134348
1008,8202.0,8.173595213640562,41.5640438,2.0227191
1009,8013.0,21.14297709608444,41.27587265023666,1.9868189895146127
1010,8912.0,3.685718690762155,41.41353344047553,2.2218908797717853
1011,8020.0,24.06132157806246,41.27571168805547,1.9879474564334807
1012,8038.0,4.202259848251729,41.38960859091039,2.1134082704685526
1013,8027.0,7.183966432755162,41.38863897597379,2.112282639297175
1014,8800.0,37.71101189566722,41.38862665004671,2.1116058263259307
1015,8024.0,4.91899248805599,41.38408631709384,2.1127257951151166
1016,8034.0,1.0707432406559525,41.3842777,2.1152962
1017,8207.0,20.650820843154186,41.41353344047553,2.2218908797717853
1018,,,41.38960859091039,2.1134082704685526
1019,8005.0,22.56297747078428,41.27587265023666,1.9868189895146127
1020,8940.0,3.9816146181326895,41.3842777,2.1152962
1021,8210.0,10.163620452102798,41.5640438,2.0227191
1022,8630.0,22.60768644003081,41.38960859091039,2.1134082704685526
1023,8006.0,6.217370104553719,41.41353344047553,2.2218908797717853
1024,8030.0,20.114424223674224,41.5640438,2.0227191
1025,8100.0,19.18193054655155,41.38402502308066,2.1140131777567777
1026,8302.0,34.56543788375297,41.5640438,2.0227191
1027,8720.0,35.48364978411134,41.3842777,2.1152962
1028,8011.0,3.923891754430177,41.38863897597379,2.112282639297175
1029,8222.0,0.2009441903473129,41.5640438,2.0227191
1030,8023.0,3.906986130229665,41.3842777,2.1152962
1031,8028.0,0.9922414713604857,41.38367192649365,2.1158767251089436
1032,8590.0,39.57997803584763,41.38862665004671,2.1116058263259307
1033,8840.0,11.335225027832847,41.3842777,2.1152962
1034,8260.0,36.695669953107604,41.57137629670731,2.024117255134348
1035,8904.0,1.728086825073284,41.38862665004671,2.1116058263259307
1036,8211.0,24.91060303084828,41.38960859091039,2.1134082704685526
1037,8013.0,21.08362418406443,41.27571168805547,1.9879474564334807
1038,8840.0,11.63650482586533,41.38960859091039,2.1134082704685526
1039,8012.0,5.550063592958266,41.41353344047553,2.2218908797717853
1040,8025.0,5.382235888871108,41.38367192649365,2.1158767251089436
1041,8001.0,23.785932999564867,41.5640438,2.0227191
1042,8025.0,4.2795217968190205,41.41353344047553,2.2218908797717853
1043,8194.0,4.417336390129883,41.5640438,2.0227191
1044,8930.0,1.6368189824844273,41.41353344047553,2.2218908797717853
1045,8970.0,4.681046139323209,41.3842777,2.1152962
1046,8034.0,0.7308438196944624,41.38863897597379,2.112282639297175
1047,8320.0,26.58722209204318,41.5640438,2.0227191
1048,8795.0,27.719186466974822,41.5640438,2.0227191
1049,8759.0,15.564231166046168,41.38863897597379,2.112282639297175
1050,8330.0,14.107178239690377,41.41353344047553,2.2218908797717853
1051,8015.0,3.6295054230855617,41.3842777,2.1152962
1052,8243.0,23.672932530065587,41.5640438,2.0227191
1053,8521.0,521.2775503150256,41.41353344047553,2.2218908797717853
1054,8192.0,16.843488489562805,41.38402502308066,2.1140131777567777
1055,8027.0,23.253525531487867,41.27587265023666,1.9868189895146127
1056,8175.0,513.7255525709079,41.38862665004671,2.1116058263259307
1057,8020.0,1.853488843265103,41.41353344047553,2.2218908797717853
1058,8013.0,3.9232999225759637,41.41353344047553,2.2218908797717853
1059,8810.0,31.304334397534692,41.38960859091039,2.1134082704685526
1060,8014.0,2.4842304408407916,41.38863897597379,2.112282639297175
1061,8295.0,11.226848572071864,41.5640438,2.0227191
1062,8415.0,19.59933205767993,41.5640438,2.0227191
1063,,,41.3842777,2.1152962
1064,25280.0,38.50046483635837,41.7371279,1.829041
1065,8589.0,44.85520627058478,41.7371279,1.829041
1066,8490.0,61.05583717432576,41.38863897597379,2.112282639297175
1067,8211.0,,,
1068,8015.0,18.165843307240234,41.27571168805547,1.9879474564334807
1069,8850.0,2.355363021237017,41.27571168805547,1.9879474564334807
1070,8013.0,,,
1071,8292.0,26.385462794751128,41.3842777,2.1152962
1072,8760.0,12.741700452619074,41.5640438,2.0227191
1073,8226.0,22.219860717291535,41.38862665004671,2.1116058263259307
1074,8036.0,3.2957622159971667,41.38863897597379,2.112282639297175
1075,8011.0,3.8585033050766975,41.38408631709384,2.1127257951151166
1076,8800.0,37.895461586325126,41.38960859091039,2.1134082704685526
1077,8906.0,11.183889517587895,41.41353344047553,2.2218908797717853
1078,8810.0,31.062396614076565,41.3839393,2.1139678
1079,8980.0,13.10928121034269,41.27571168805547,1.9879474564334807
1080,8907.0,4.092064456597026,41.38960859091039,2.1134082704685526
1081,8227.0,32.788065307356746,41.27571168805547,1.9879474564334807
1082,8222.0,0.2009441903473129,41.5640438,2.0227191
1083,8775.0,32.86411743671314,41.3839393,2.1139678
1084,8042.0,8.50607192412028,41.3839393,2.1139678
1085,8014.0,2.192297881782697,41.38408631709384,2.1127257951151166
1086,8100.0,14.031217113008216,41.41353344047553,2.2218908797717853
1087,8205.0,16.820710480201146,41.38960859091039,2.1134082704685526
1088,8025.0,5.256733820409344,41.38960859091039,2.1134082704685526
1089,8330.0,28.9166558731912,41.5640438,2.0227191
1090,8440.0,34.90089325273277,41.3842777,2.1152962
1091,8004.0,17.502446751374492,41.27587265023666,1.9868189895146127
1092,8914.0,11.216595442516477,41.38862665004671,2.1116058263259307
1093,8042.0,8.033784335116756,41.38960859091039,2.1134082704685526
1094,8950.0,2.499048150881888,41.38862665004671,2.1116058263259307
1095,8010.0,5.125267978416466,41.38402502308066,2.1140131777567777
1096,8201.0,7.201224740235446,41.5640438,2.0227191
1097,,,41.3842777,2.1152962
1098,8206.0,19.106422523021955,41.38367192649365,2.1158767251089436
1099,8034.0,0.7308438196944624,41.38863897597379,2.112282639297175
1100,8024.0,4.91899248805599,41.38408631709384,2.1127257951151166
1101,8903.0,1.689198199868253,41.3839393,2.1139678
1102,8195.0,11.020784611062695,41.5640438,2.0227191
1103,8870.0,30.107745917741426,41.38408631709384,2.1127257951151166
1104,8030.0,20.114424223674224,41.5640438,2.0227191
1105,8907.0,4.092064456597026,41.38960859091039,2.1134082704685526
1106,8041.0,22.340437702120973,41.27587265023666,1.9868189895146127
1107,8360.0,44.988841044713595,41.38862665004671,2.1116058263259307
1108,8904.0,9.864912376420037,41.41353344047553,2.2218908797717853
1109,8940.0,4.288424574474901,41.38960859091039,2.1134082704685526
1110,8251.0,5.842637400895793,41.7371279,1.829041
1111,8860.0,4.89819102583773,41.27571168805547,1.9879474564334807
1112,8140.0,14.152095539908922,41.5640438,2.0227191
1113,8390.0,16.490924962076555,41.3842777,2.1152962
1114,8030.0,8.501539121044667,41.3842777,2.1152962
1115,8016.0,23.872724412712625,41.27587265023666,1.9868189895146127
1116,8204.0,16.09893527740954,41.38408631709384,2.1127257951151166
1117,8222.0,0.2009441903473129,41.5640438,2.0227191
1118,25001.0,99.92411827463165,41.7371279,1.829041
1119,8262.0,31.36180980814204,41.5640438,2.0227191
1120,8023.0,19.83462195392878,41.5640438,2.0227191
1121,8028.0,1.1386016771219993,41.3839393,2.1139678
1122,8691.0,15.61035167439997,41.5640438,2.0227191
1123,8018.0,6.938086557981522,41.38408631709384,2.1127257951151166
1124,8304.0,34.51257518080698,41.38408631709384,2.1127257951151166
1125,8800.0,1.2180925227026016,41.2222231352044,1.7316575553370623
1126,8940.0,3.9816146181326895,41.3842777,2.1152962
1127,8787.0,26.21526853048315,41.7371279,1.829041
1128,8870.0,6.676034447379622,41.2222231352044,1.7316575553370623
1129,8015.0,3.9960603608916694,41.38863897597379,2.112282639297175
1130,8820.0,14.249893071405916,41.41353344047553,2.2218908797717853
1131,8032.0,5.428043260497314,41.38960859091039,2.1134082704685526
1132,8193.0,12.528930507332191,41.38863897597379,2.112282639297175
1133,8007.0,4.2302698953778055,41.3842777,2.1152962
1134,8028.0,1.1386016771219993,41.3839393,2.1139678
1135,8024.0,4.737595267572218,41.3842777,2.1152962
1136,8028.0,1.6093356252899422,41.38960859091039,2.1134082704685526
1137,8904.0,1.2155068350575635,41.38408631709384,2.1127257951151166
1138,8401.0,44.42325749440216,41.27587265023666,1.9868189895146127
1139,8025.0,5.256733820409344,41.38960859091039,2.1134082704685526
1140,8001.0,4.79044782398205,41.38960859091039,2.1134082704685526
1141,17800.0,92.90888872384281,41.38960859091039,2.1134082704685526
1142,8775.0,,,
1143,8222.0,0.2009441903473129,41.5640438,2.0227191
1144,8023.0,3.5896855897206286,41.38960859091039,2.1134082704685526
1145,8025.0,21.21488890551892,41.5640438,2.0227191
1146,8173.0,9.94352745875562,41.38863897597379,2.112282639297175
1147,8002.0,23.954009210481786,41.5640438,2.0227191
1148,8012.0,5.550063592958266,41.41353344047553,2.2218908797717853
1149,8911.0,5.115924429984852,41.41353344047553,2.2218908797717853
1150,8028.0,8.967419040401083,41.41353344047553,2.2218908797717853
1151,8810.0,40.605616280396625,41.41353344047553,2.2218908797717853
1152,8850.0,22.606559633744222,41.41353344047553,2.2218908797717853
1153,43005.0,78.73859231480691,41.3842777,2.1152962
1154,8021.0,6.982807882899134,41.41353344047553,2.2218908797717853
1155,8930.0,,,
1156,8016.0,4.229991245082738,41.41353344047553,2.2218908797717853
1157,8906.0,2.369643464619355,41.38960859091039,2.1134082704685526
1158,8904.0,1.728086825073284,41.38862665004671,2.1116058263259307
1159,8034.0,20.530899140016245,41.5640438,2.0227191
1160,8173.0,10.480988455422517,41.3842777,2.1152962
1161,8034.0,1.1287687082370952,41.38367192649365,2.1158767251089436
1162,8027.0,21.38247048271341,41.57137629670731,2.024117255134348
1163,8210.0,10.163620452102798,41.5640438,2.0227191
1164,8242.0,0.759091001771989,41.7371279,1.829041
1165,8028.0,0.9922414713604857,41.38367192649365,2.1158767251089436
1166,8029.0,2.606041702570183,41.3842777,2.1152962
1167,8757.0,18.668716735859054,41.5640438,2.0227191
1168,17458.0,119.35478486566309,41.2222231352044,1.7316575553370623
1169,8005.0,7.319977486234114,41.38367192649365,2.1158767251089436
1170,8028.0,1.6093356252899422,41.38960859091039,2.1134082704685526
1171,8015.0,3.6295054230855617,41.3842777,2.1152962
1172,8770.0,21.516954019618712,41.2222231352044,1.7316575553370623
1173,8901.0,24.244906592724565,41.57137629670731,2.024117255134348
1174,8034.0,1.0707432406559525,41.3842777,2.1152962
1175,8036.0,3.2957622159971667,41.38863897597379,2.112282639297175
1176,8031.0,5.1068708565536545,41.41353344047553,2.2218908797717853
1177,8014.0,2.192297881782697,41.38408631709384,2.1127257951151166
1178,8130.0,32.83338491866218,41.27571168805547,1.9879474564334807
1179,8304.0,34.13848271242729,41.38960859091039,2.1134082704685526
1180,8029.0,6.973945074425503,41.41353344047553,2.2218908797717853
1181,8820.0,7.390243991534952,41.38960859091039,2.1134082704685526
1182,8820.0,14.249893071405916,41.41353344047553,2.2218908797717853
1183,8224.0,21.239983140539337,41.38863897597379,2.112282639297175
1184,8250.0,2.178700763430813,41.7371279,1.829041
1185,8784.0,33.745500655867055,41.2222231352044,1.7316575553370623
1186,8041.0,20.687860404604738,41.5640438,2.0227191
1187,8029.0,2.606041702570183,41.3842777,2.1152962
1188,8110.0,16.107725812345446,41.5640438,2.0227191
1189,8225.0,23.16748943702796,41.38402502308066,2.1140131777567777
1190,43005.0,64.67799979493107,41.27587265023666,1.9868189895146127
1191,8302.0,31.382694208633005,41.38960859091039,2.1134082704685526
1192,8026.0,6.716161156289113,41.3839393,2.1139678
1193,8191.0,14.300231115874961,41.38408631709384,2.1127257951151166
1194,8302.0,22.387198810347243,41.41353344047553,2.2218908797717853
1195,8850.0,2.438785857779579,41.27587265023666,1.9868189895146127
1196,8036.0,3.1991304215446768,41.38960859091039,2.1134082704685526
1197,8032.0,5.570165071378717,41.38863897597379,2.112282639297175
1198,8030.0,24.5979973904416,41.27587265023666,1.9868189895146127
1199,8014.0,2.4842304408407916,41.38863897597379,2.112282639297175
1200,8700.0,33.72176151837231,41.5640438,2.0227191
1201,8630.0,25.311363615573065,41.7371279,1.829041
1202,8904.0,1.2155068350575635,41.38408631709384,2.1127257951151166
1203,8027.0,7.183966432755162,41.38863897597379,2.112282639297175
1204,8024.0,4.706727583173971,41.38862665004671,2.1116058263259307
1205,8222.0,0.2009441903473129,41.5640438,2.0227191
1206,8028.0,1.1386016771219993,41.3839393,2.1139678
1207,8005.0,7.557612281256438,41.38862665004671,2.1116058263259307
1208,8027.0,7.047914392414719,41.38960859091039,2.1134082704685526
1209,8173.0,9.86827461954825,41.38960859091039,2.1134082704685526
1210,8020.0,24.06132157806246,41.27571168805547,1.9879474564334807
1211,7702.0,246.54543852123535,41.38408631709384,2.1127257951151166
1212,8011.0,,,
1213,8402.0,28.037971878929888,41.38960859091039,2.1134082704685526
1214,8221.0,0.9286112158286054,41.5640438,2.0227191
1215,17001.0,88.5224538973181,41.38862665004671,2.1116058263259307
1216,8302.0,31.518819651843213,41.38863897597379,2.112282639297175
1217,17217.0,391.90655957992306,41.38408631709384,2.1127257951151166
1218,8913.0,10.315092625585356,41.38960859091039,2.1134082704685526
1219,8395.0,48.76079187735979,41.38367192649365,2.1158767251089436
1220,8037.0,4.575285714005267,41.3839393,2.1139678
1221,8030.0,24.54550537479436,41.27571168805547,1.9879474564334807
1222,8031.0,6.789447269356416,41.38408631709384,2.1127257951151166
1223,8003.0,23.700079942116755,41.5640438,2.0227191
1224,8233.0,10.424441417224855,41.57137629670731,2.024117255134348
1225,8904.0,1.1777975402876553,41.3839393,2.1139678
1226,8242.0,24.2106738435235,41.57137629670731,2.024117255134348
1227,8850.0,2.438785857779579,41.27587265023666,1.9868189895146127
1228,8390.0,7.6712710924271,41.41353344047553,2.2218908797717853
1229,8629.0,11.018099442455956,41.3839393,2.1139678
1230,8006.0,3.2478499860724406,41.38960859091039,2.1134082704685526
1231,8840.0,11.493771884838475,41.38863897597379,2.112282639297175
1232,8222.0,0.2009441903473129,41.5640438,2.0227191
1233,17003.0,79.87543177172535,41.5640438,2.0227191
1234,8204.0,15.795453408748143,41.41353344047553,2.2218908797717853
1235,8012.0,4.033959524222007,41.3842777,2.1152962
1236,25200.0,74.10140053655729,41.27587265023666,1.9868189895146127
1237,,,41.38862665004671,2.1116058263259307
1238,8403.0,21.889277893953455,41.5640438,2.0227191
1239,8912.0,12.538120166669618,41.38408631709384,2.1127257951151166
1240,8290.0,37.617220460341436,41.7371279,1.829041
1241,8940.0,3.9816146181326895,41.3842777,2.1152962
1242,8005.0,7.4675822239696545,41.3839393,2.1139678
1243,8970.0,14.147896551746642,41.41353344047553,2.2218908797717853
1244,8018.0,2.7480044886125676,41.41353344047553,2.2218908797717853
1245,8028.0,1.0720934931794075,41.3842777,2.1152962
1246,8014.0,1.9367553104301094,41.38367192649365,2.1158767251089436
1247,8100.0,14.031217113008216,41.41353344047553,2.2218908797717853
1248,8008.0,4.001432799140173,41.3842777,2.1152962
1249,8770.0,36.21816852030531,41.41353344047553,2.2218908797717853
1250,8015.0,18.228417741821943,41.27587265023666,1.9868189895146127
1251,43202.0,98.01448983510475,41.41353344047553,2.2218908797717853
1252,43005.0,84.53685742449953,41.7371279,1.829041
1253,8242.0,0.759091001771989,41.7371279,1.829041
1254,8800.0,37.76107205685877,41.38863897597379,2.112282639297175
1255,8232.0,5.582138092995412,41.5640438,2.0227191
1256,8904.0,9.864912376420037,41.41353344047553,2.2218908797717853
1257,8027.0,3.1434643470118,41.41353344047553,2.2218908797717853
1258,,,41.5640438,2.0227191
1259,43883.0,44.90870655707048,41.27587265023666,1.9868189895146127
1260,8901.0,3.18822950740971,41.38960859091039,2.1134082704685526
1261,8027.0,7.240843736113109,41.3842777,2.1152962
1262,8034.0,1.1341737949398703,41.3839393,2.1139678
1263,8001.0,4.545592156713636,41.3842777,2.1152962
1264,8840.0,,,
1265,8028.0,1.6262279781379911,41.38862665004671,2.1116058263259307
1266,8172.0,11.554964623398632,41.5640438,2.0227191
1267,8820.0,32.779015410359655,41.2222231352044,1.7316575553370623
1268,8395.0,48.61290782006065,41.38960859091039,2.1134082704685526
1269,8105.0,18.906955063171015,41.5640438,2.0227191
1270,8930.0,25.727397923962844,41.27571168805547,1.9879474564334807
1271,8980.0,13.129156426513736,41.27587265023666,1.9868189895146127
1272,8923.0,3.5532780688539463,41.41353344047553,2.2218908797717853
1273,8329.0,21.680219554781782,41.3839393,2.1139678
1274,8241.0,45.30760732217779,41.3842777,2.1152962
1275,8870.0,30.300587792995792,41.3842777,2.1152962
1276,8950.0,2.3714990490437384,41.3839393,2.1139678
1277,8014.0,2.4842304408407916,41.38863897597379,2.112282639297175
1278,,,41.38862665004671,2.1116058263259307
1279,8222.0,0.2009441903473129,41.5640438,2.0227191
1280,8770.0,27.496525071827804,41.3842777,2.1152962
1281,8740.0,14.138296350678157,41.38408631709384,2.1127257951151166
1282,8904.0,1.717361381782143,41.38863897597379,2.112282639297175
1283,8530.0,30.367462827265904,41.41353344047553,2.2218908797717853
1284,8173.0,10.484440404972105,41.3839393,2.1139678
1285,8206.0,5.813473325342341,41.5640438,2.0227191
1286,8021.0,2.4489426508664787,41.38960859091039,2.1134082704685526
1287,8026.0,,,
1288,8028.0,1.2343332546153387,41.38408631709384,2.1127257951151166
1289,8029.0,2.8215408939844426,41.38408631709384,2.1127257951151166
1290,8022.0,2.694937014382203,41.38863897597379,2.112282639297175
1291,8750.0,8.159555826744954,41.38863897597379,2.112282639297175
1292,8830.0,7.620881877089698,41.3839393,2.1139678
1293,8222.0,0.2009441903473129,41.5640438,2.0227191
1294,,,41.38960859091039,2.1134082704685526
1295,8980.0,5.395383352304921,41.38408631709384,2.1127257951151166
1296,8980.0,5.609621886985622,41.3842777,2.1152962
1297,8500.0,40.846706424110266,41.7371279,1.829041
1298,8540.0,29.870730648480734,41.57137629670731,2.024117255134348
1299,8840.0,4.963238510750878,41.27587265023666,1.9868189895146127
1300,8224.0,21.772294112713144,41.3839393,2.1139678
1301,8015.0,6.661120671446829,41.41353344047553,2.2218908797717853
1302,8014.0,2.4754283282273293,41.38960859091039,2.1134082704685526
1303,8034.0,8.952996355398408,41.41353344047553,2.2218908797717853
1304,8304.0,34.42566231734101,41.38402502308066,2.1140131777567777
1305,8024.0,4.91899248805599,41.38408631709384,2.1127257951151166
1306,8202.0,8.173595213640562,41.5640438,2.0227191
1307,8290.0,12.655532177173201,41.5640438,2.0227191
1308,8850.0,2.438785857779579,41.27587265023666,1.9868189895146127
1309,8720.0,44.758990965626246,41.41353344047553,2.2218908797717853
1310,8002.0,5.324243159007505,41.38960859091039,2.1134082704685526
1311,8032.0,5.150364244544463,41.41353344047553,2.2218908797717853
1312,8004.0,24.66376542179077,41.5640438,2.0227191
1313,8100.0,19.192162699312803,41.3839393,2.1139678
1314,8022.0,2.552511777676916,41.38960859091039,2.1134082704685526
1315,8256.0,28.257192408155714,41.5640438,2.0227191
1316,8015.0,3.9960603608916694,41.38863897597379,2.112282639297175
1317,8629.0,11.134726165797005,41.3842777,2.1152962
1318,8860.0,20.238576771105908,41.3839393,2.1139678
1319,8015.0,3.729013399066479,41.38402502308066,2.1140131777567777
1320,8940.0,32.87959836292657,41.2222231352044,1.7316575553370623
1321,,,41.3839393,2.1139678
1322,8015.0,23.58456393668246,41.5640438,2.0227191
1323,8250.0,46.96922651947554,41.38960859091039,2.1134082704685526
1324,8222.0,0.2009441903473129,41.5640438,2.0227191
1325,8303.0,31.321801866993876,41.3839393,2.1139678
1326,8330.0,23.309462699192323,41.3842777,2.1152962
1327,8015.0,3.6295054230855617,41.3842777,2.1152962
1328,8031.0,5.1068708565536545,41.41353344047553,2.2218908797717853
1329,8922.0,10.702913260080813,41.38862665004671,2.1116058263259307
1330,8025.0,5.438708801099733,41.38862665004671,2.1116058263259307
1331,8009.0,4.654159996803831,41.3842777,2.1152962
1332,8222.0,0.2009441903473129,41.5640438,2.0227191
1333,8859.0,8.728619563413792,41.27571168805547,1.9879474564334807
1334,8720.0,35.241955663294284,41.38862665004671,2.1116058263259307
1335,8015.0,3.941611594379479,41.38960859091039,2.1134082704685526
1336,8290.0,12.655532177173201,41.5640438,2.0227191
1337,8921.0,10.835648075967883,41.38960859091039,2.1134082704685526
1338,8036.0,18.71691884563686,41.27587265023666,1.9868189895146127
1339,8037.0,4.458423234270962,41.3842777,2.1152962
1340,8034.0,8.952996355398408,41.41353344047553,2.2218908797717853
1341,8242.0,24.73741320007127,41.5640438,2.0227191
1342,8021.0,2.7475187298428962,41.38408631709384,2.1127257951151166
1343,8014.0,,,
1344,8840.0,11.325066951613572,41.38367192649365,2.1158767251089436
1345,8008.0,5.467175297616836,41.41353344047553,2.2218908797717853
1346,8970.0,4.564123566261332,41.3839393,2.1139678
1347,8222.0,0.2009441903473129,41.5640438,2.0227191
1348,8004.0,17.43598165821222,41.27571168805547,1.9879474564334807
1349,8210.0,34.85022374433159,41.7371279,1.829041
1350,8970.0,4.654727673292691,41.38863897597379,2.112282639297175
1351,8917.0,28.280761457843667,41.27571168805547,1.9879474564334807
1352,8757.0,16.809393997132545,41.38862665004671,2.1116058263259307
1353,43713.0,16.7065213720939,41.2222231352044,1.7316575553370623
1354,8930.0,1.6368189824844273,41.41353344047553,2.2218908797717853
1355,8027.0,43.96925112039886,41.2222231352044,1.7316575553370623
1356,8032.0,5.570165071378717,41.38863897597379,2.112282639297175
1357,43881.0,9.101672220586481,41.2222231352044,1.7316575553370623
1358,8850.0,14.291645532467543,41.38862665004671,2.1116058263259307
1359,8224.0,21.772294112713144,41.3839393,2.1139678
1360,,,41.38960859091039,2.1134082704685526
1361,8290.0,11.529184990885668,41.38863897597379,2.112282639297175
1362,8036.0,3.2957622159971667,41.38863897597379,2.112282639297175
1363,8028.0,1.0720934931794075,41.3842777,2.1152962
1364,8206.0,5.813473325342341,41.5640438,2.0227191
1365,8026.0,6.6205230925646665,41.38863897597379,2.112282639297175
1366,8222.0,0.2009441903473129,41.5640438,2.0227191
1367,8291.0,12.618125201562046,41.38960859091039,2.1134082704685526
1368,8004.0,4.569190400291564,41.38862665004671,2.1116058263259307
1369,8791.0,25.92143093405508,41.3842777,2.1152962
1370,8800.0,1.2180925227026016,41.2222231352044,1.7316575553370623
1371,8025.0,5.389079723330871,41.3842777,2.1152962
1372,8860.0,4.811933138080238,41.27587265023666,1.9868189895146127
1373,8243.0,1.4178683968692,41.7371279,1.829041
1374,8930.0,1.6368189824844273,41.41353344047553,2.2218908797717853
1375,8860.0,17.338502387433604,41.2222231352044,1.7316575553370623
1376,8037.0,4.575285714005267,41.3839393,2.1139678
1377,8015.0,6.661120671446829,41.41353344047553,2.2218908797717853
1378,8225.0,1.692962376940333,41.57137629670731,2.024117255134348
1379,8028.0,1.0720934931794075,41.3842777,2.1152962
1380,8921.0,11.227527052177889,41.3839393,2.1139678
1381,8021.0,2.6580010435309283,41.38402502308066,2.1140131777567777
1382,8013.0,5.547743286684762,41.3842777,2.1152962
1383,8028.0,1.0720934931794075,41.3842777,2.1152962
1384,8750.0,8.216943784975328,41.38960859091039,2.1134082704685526
1385,8830.0,8.583555504876138,41.27571168805547,1.9879474564334807
1386,8024.0,4.737595267572218,41.3842777,2.1152962
1387,8290.0,12.655532177173201,41.5640438,2.0227191
1388,8304.0,36.64043515486672,41.5640438,2.0227191
1389,8904.0,1.1777975402876553,41.3839393,2.1139678
1390,8029.0,2.606041702570183,41.3842777,2.1152962
1391,8024.0,4.521348787099854,41.38960859091039,2.1134082704685526
1392,8191.0,7.249642659140581,41.5640438,2.0227191
1393,8013.0,5.66478389098873,41.3839393,2.1139678
1394,8001.0,4.9166293454314225,41.38862665004671,2.1116058263259307
1395,8396.0,64.10924046829305,41.27571168805547,1.9879474564334807
1396,8106.0,19.824599014533465,41.5640438,2.0227191
1397,8757.0,17.004269853782503,41.38408631709384,2.1127257951151166
1398,8025.0,5.389079723330871,41.3842777,2.1152962
1399,8980.0,5.395383352304921,41.38408631709384,2.1127257951151166
1400,8029.0,2.9096836641145885,41.38862665004671,2.1116058263259307
1401,8530.0,36.05474859094585,41.3842777,2.1152962
1402,8024.0,4.8475472419606955,41.3839393,2.1139678
1403,8202.0,8.173595213640562,41.5640438,2.0227191
1404,8029.0,18.141022845007388,41.27587265023666,1.9868189895146127
1405,8860.0,4.811933138080238,41.27587265023666,1.9868189895146127
1406,8173.0,9.86827461954825,41.38960859091039,2.1134082704685526
1407,8013.0,3.9232999225759637,41.41353344047553,2.2218908797717853
1408,8970.0,4.564123566261332,41.3839393,2.1139678
1409,8950.0,11.940390088734635,41.41353344047553,2.2218908797717853
1410,8922.0,10.517356338794722,41.38960859091039,2.1134082704685526
1411,8019.0,1.1279248736654368,41.41353344047553,2.2218908797717853
1412,8013.0,5.66478389098873,41.3839393,2.1139678
1413,8221.0,21.88108109837739,41.38367192649365,2.1158767251089436
1414,8022.0,2.9948796754251754,41.3839393,2.1139678
1415,8018.0,6.703918743686045,41.38367192649365,2.1158767251089436
1416,8034.0,0.5879384126510485,41.38960859091039,2.1134082704685526
1417,8320.0,20.471154341647996,41.38863897597379,2.112282639297175
1418,8004.0,4.50334300969593,41.38960859091039,2.1134082704685526
1419,8225.0,1.9808798294594636,41.5640438,2.0227191
1420,8035.0,5.260086362085516,41.38960859091039,2.1134082704685526
1421,8019.0,23.0791089658643,41.5640438,2.0227191
1422,8027.0,7.240843736113109,41.3842777,2.1152962
1423,8224.0,1.7489835491371337,41.5640438,2.0227191
1424,8020.0,1.853488843265103,41.41353344047553,2.2218908797717853
1425,8192.0,16.816585368084326,41.38408631709384,2.1127257951151166
1426,43700.0,52.088062207673836,41.38960859091039,2.1134082704685526
1427,8940.0,4.288424574474901,41.38960859091039,2.1134082704685526
1428,8013.0,5.539563110134698,41.38960859091039,2.1134082704685526
1429,8940.0,3.9816146181326895,41.3842777,2.1152962
1430,8017.0,2.4871404030242807,41.3842777,2.1152962
1431,8221.0,21.193545995445465,41.38960859091039,2.1134082704685526
1432,8030.0,24.5979973904416,41.27587265023666,1.9868189895146127
1433,8261.0,22.71467551815405,41.7371279,1.829041
1434,8860.0,4.811933138080238,41.27587265023666,1.9868189895146127
1435,,,41.38367192649365,2.1158767251089436
1436,8020.0,8.28087982621404,41.3842777,2.1152962
1437,8906.0,1.8556751287864839,41.3839393,2.1139678
1438,8034.0,0.5879384126510485,41.38960859091039,2.1134082704685526
1439,8820.0,32.779015410359655,41.2222231352044,1.7316575553370623
1440,,,41.3839393,2.1139678
1441,8902.0,2.9129039504432757,41.38863897597379,2.112282639297175
1442,8550.0,63.73862916544143,41.27587265023666,1.9868189895146127
1443,8041.0,6.106882933020264,41.38960859091039,2.1134082704685526
1444,8912.0,12.538120166669618,41.38408631709384,2.1127257951151166
1445,8023.0,3.9282297968768543,41.38367192649365,2.1158767251089436
1446,8015.0,24.2499773658383,41.57137629670731,2.024117255134348
1447,8940.0,4.107220607153241,41.38862665004671,2.1116058263259307
